method,fragalysis_code,experimental_pKD
experimental_reference,A71EV2A-x0152a,
experimental_reference,A71EV2A-x0152b,
experimental_reference,A71EV2A-x0188a,
experimental_reference,A71EV2A-x0194a,
experimental_reference,A71EV2A-x0202a,
experimental_reference,A71EV2A-x0202b,
experimental_reference,A71EV2A-x0207a,
experimental_reference,A71EV2A-x0228a,
experimental_reference,A71EV2A-x0229a,
experimental_reference,A71EV2A-x0229b,
experimental_reference,A71EV2A-x0237a,
experimental_reference,A71EV2A-x0239a,
experimental_reference,A71EV2A-x0269a,
experimental_reference,A71EV2A-x0278b,
experimental_reference,A71EV2A-x0278a,
experimental_reference,A71EV2A-x0305a,
experimental_reference,A71EV2A-x0309a,
experimental_reference,A71EV2A-x0310a,
experimental_reference,A71EV2A-x0332a,
experimental_reference,A71EV2A-x0333a,
experimental_reference,A71EV2A-x0351c,
experimental_reference,A71EV2A-x0351a,
experimental_reference,A71EV2A-x0351b,
experimental_reference,A71EV2A-x0354a,
experimental_reference,A71EV2A-x0359a,
experimental_reference,A71EV2A-x0365a,
experimental_reference,A71EV2A-x0375c,
experimental_reference,A71EV2A-x0375a,
experimental_reference,A71EV2A-x0375b,
experimental_reference,A71EV2A-x0395a,
experimental_reference,A71EV2A-x0395b,
experimental_reference,A71EV2A-x0396a,
experimental_reference,A71EV2A-x0412a,
experimental_reference,A71EV2A-x0416a,
experimental_reference,A71EV2A-x0428a,
experimental_reference,A71EV2A-x0432a,
experimental_reference,A71EV2A-x0437a,
experimental_reference,A71EV2A-x0443a,
experimental_reference,A71EV2A-x0446a,
experimental_reference,A71EV2A-x0450a,
experimental_reference,A71EV2A-x0451a,
experimental_reference,A71EV2A-x0469a,
experimental_reference,A71EV2A-x0473a,
experimental_reference,A71EV2A-x0486a,
experimental_reference,A71EV2A-x0487a,
experimental_reference,A71EV2A-x0488a,
experimental_reference,A71EV2A-x0497a,
experimental_reference,A71EV2A-x0501a,
experimental_reference,A71EV2A-x0501b,
experimental_reference,A71EV2A-x0514b,
experimental_reference,A71EV2A-x0514a,
experimental_reference,A71EV2A-x0515c,
experimental_reference,A71EV2A-x0515a,
experimental_reference,A71EV2A-x0515b,
experimental_reference,A71EV2A-x0517a,
experimental_reference,A71EV2A-x0525a,
experimental_reference,A71EV2A-x0526a,
experimental_reference,A71EV2A-x0528a,
experimental_reference,A71EV2A-x0528b,
experimental_reference,A71EV2A-x0540a,
experimental_reference,A71EV2A-x0541a,
experimental_reference,A71EV2A-x0554b,
experimental_reference,A71EV2A-x0554a,
experimental_reference,A71EV2A-x0556a,
experimental_reference,A71EV2A-x0566a,
experimental_reference,A71EV2A-x0571a,
experimental_reference,A71EV2A-x0586a,
experimental_reference,A71EV2A-x0691a,
experimental_reference,A71EV2A-x0717a,
experimental_reference,A71EV2A-x0719b,
experimental_reference,A71EV2A-x0719a,
experimental_reference,A71EV2A-x0732a,
experimental_reference,A71EV2A-x0739a,
experimental_reference,A71EV2A-x0812a,
experimental_reference,A71EV2A-x0831a,
experimental_reference,A71EV2A-x0836a,
experimental_reference,A71EV2A-x0836b,
experimental_reference,A71EV2A-x0853a,
experimental_reference,A71EV2A-x0884a,
experimental_reference,A71EV2A-x0900a,
experimental_reference,A71EV2A-x0911a,
experimental_reference,A71EV2A-x0922a,
experimental_reference,A71EV2A-x0926a,
experimental_reference,A71EV2A-x1019a,
experimental_reference,A71EV2A-x1068b,
experimental_reference,A71EV2A-x1068a,
experimental_reference,A71EV2A-x1068c,
experimental_reference,A71EV2A-x1080a,
experimental_reference,A71EV2A-x1081a,
experimental_reference,A71EV2A-x1081b,
experimental_reference,A71EV2A-x1084a,
experimental_reference,A71EV2A-x1105a,
experimental_reference,A71EV2A-x1105b,
experimental_reference,A71EV2A-x1109a,
experimental_reference,A71EV2A-x1128a,
experimental_reference,A71EV2A-x1140a,
experimental_reference,A71EV2A-x1140b,
experimental_reference,A71EV2A-x1145b,
experimental_reference,A71EV2A-x1145a,
experimental_reference,A71EV2A-x1146a,
experimental_reference,A71EV2A-x1148b,
experimental_reference,A71EV2A-x1148a,
experimental_reference,A71EV2A-x1180a,
experimental_reference,A71EV2A-x1180b,
experimental_reference,A71EV2A-x1209a,
experimental_reference,A71EV2A-x1255a,
experimental_reference,A71EV2A-x1292a,
experimental_reference,A71EV2A-x1293a,
experimental_reference,A71EV2A-x1346a,4.660785023463071
experimental_reference,A71EV2A-x1445a,4.632048101200719
experimental_reference,A71EV2A-x1445b,4.632048101200719
experimental_reference,A71EV2A-x1776a,4.180676299350614
experimental_reference,A71EV2A-x1778a,5.151407131646511
experimental_reference,A71EV2A-x2290a,5.376184576266073
experimental_reference,A71EV2A-x2293a,5.041436116778033
experimental_reference,A71EV2A-x2304a,4.7783685062706525
experimental_reference,A71EV2A-x2339a,4.887413111043684
experimental_reference,A71EV2A-x2351a,5.050703769890054
experimental_reference,A71EV2A-x2448a,5.10745472442027
experimental_reference,A71EV2A-x2448b,5.10745472442027
experimental_reference,A71EV2A-x2454a,4.943095148663527
experimental_reference,A71EV2A-x2458a,6.034867358576641
experimental_reference,A71EV2A-x2513a,4.628932137728264
experimental_reference,A71EV2A-x2629a,4.740875707793589
experimental_reference,A71EV2A-x2846a,
experimental_reference,A71EV2A-x2972a,
experimental_reference,A71EV2A-x3054a,4.246416941107094
experimental_reference,A71EV2A-x3066a,4.822826736702125
experimental_reference,A71EV2A-x3175a,4.953569528330592
experimental_reference,A71EV2A-x3176a,4.747146969020107
experimental_reference,A71EV2A-x3177a,4.8958754625504275
experimental_reference,A71EV2A-x3178a,5.062339877849264
experimental_reference,A71EV2A-x3181a,4.939565029910406
experimental_reference,A71EV2A-x3181b,4.939565029910406
experimental_reference,A71EV2A-x3186a,4.128427064454121
experimental_reference,A71EV2A-x3188a,
experimental_reference,A71EV2A-x3189a,
experimental_reference,A71EV2A-x3191a,3.960269771303526
experimental_reference,A71EV2A-x3193a,4.162204305054052
experimental_reference,A71EV2A-x3194a,
experimental_reference,A71EV2A-x3201a,4.324153048333832
experimental_reference,A71EV2A-x3207a,
experimental_reference,A71EV2A-x3208a,4.906948150425689
experimental_reference,A71EV2A-x3210a,5.011185771310347
experimental_reference,A71EV2A-x3218a,5.556193958463214
experimental_reference,A71EV2A-x3221a,5.409458546594426
experimental_reference,A71EV2A-x3222a,
experimental_reference,A71EV2A-x3223a,4.787812395596042
experimental_reference,A71EV2A-x3225a,4.137777547252243
experimental_reference,A71EV2A-x3229a,4.443671499997475
experimental_reference,A71EV2A-x3234a,5.016824927962187
experimental_reference,A71EV2A-x3264a,4.981705511622298
experimental_reference,A71EV2A-x3279a,5.3072486987698415
experimental_reference,A71EV2A-x3280a,5.168134464700943
experimental_reference,A71EV2A-x3286a,5.09799710864927
experimental_reference,A71EV2A-x3305a,4.937001727490601
experimental_reference,A71EV2A-x3306a,5.337951414156192
experimental_reference,A71EV2A-x3324a,4.84887783952492
experimental_reference,A71EV2A-x3579a,4.956855685489159
experimental_reference,A71EV2A-x3581a,
experimental_reference,A71EV2A-x3585a,
experimental_reference,A71EV2A-x3371a,5.2372107018718905
experimental_reference,A71EV2A-x3379a,4.9657785438458255
experimental_reference,A71EV2A-x3392a,5.162973800773931
experimental_reference,A71EV2A-x3403a,4.662403924407542
experimental_reference,A71EV2A-x3408a,5.1938200260161125
experimental_reference,A71EV2A-x3410a,4.945173530861923
experimental_reference,A71EV2A-x3417a,5.064884396650843
experimental_reference,A71EV2A-x3419a,5.170374765613669
experimental_reference,A71EV2A-x3435a,5.093196163745395
experimental_reference,A71EV2A-x3436a,5.5457146015143275
experimental_reference,A71EV2A-x3450a,5.008444067750377
experimental_reference,A71EV2A-x3480a,5.356959172517914
experimental_reference,A71EV2A-x3483a,4.8164704643841505
experimental_reference,A71EV2A-x3485a,4.956109291095229
experimental_reference,A71EV2A-x3488a,4.822657723022635
experimental_reference,A71EV2A-x3489a,5.221581099702723
experimental_reference,A71EV2A-x3509a,5.1891284469127035
experimental_reference,A71EV2A-x3509b,5.1891284469127035
experimental_reference,A71EV2A-x3510a,4.386163320168128
experimental_reference,A71EV2A-x3593a,4.9657785438458255
experimental_reference,A71EV2A-x3606a,4.958377726777354
experimental_reference,A71EV2A-x3612a,4.851286884122841
experimental_reference,A71EV2A-x3616a,4.978810700930062
experimental_reference,A71EV2A-x3616b,4.978810700930062
experimental_reference,A71EV2A-x3618a,
experimental_reference,A71EV2A-x3618b,
experimental_reference,A71EV2A-x3621a,4.951406063714552
experimental_reference,A71EV2A-x3623a,4.8184062698439085
experimental_reference,A71EV2A-x3634a,5.303920706565589
experimental_reference,A71EV2A-x3663a,4.615695746966642
experimental_reference,A71EV2A-x3665a,5.41096889227547
experimental_reference,A71EV2A-x3685a,5.056011124926228
experimental_reference,A71EV2A-x3694a,5.055150304924533
experimental_reference,A71EV2A-x3694b,5.055150304924533
experimental_reference,A71EV2A-x3706a,4.967584368389079
experimental_reference,A71EV2A-x3706b,4.967584368389079
experimental_reference,A71EV2A-x3521a,4.726469830785563
experimental_reference,A71EV2A-x3521b,4.726469830785563
experimental_reference,A71EV2A-x3522a,4.858392228943246
experimental_reference,A71EV2A-x3522b,4.858392228943246
experimental_reference,A71EV2A-x3546a,4.2094239507757765
experimental_reference,A71EV2A-x3548a,4.7516996536545095
experimental_reference,A71EV2A-x3550b,4.411260481653311
experimental_reference,A71EV2A-x3550a,4.411260481653311
experimental_reference,A71EV2A-x3556a,4.410050398674293
experimental_reference,A71EV2A-x3557a,4.635207042042172
experimental_reference,A71EV2A-x3557b,4.635207042042172
experimental_reference,A71EV2A-x3564a,4.632644078973981
experimental_reference,A71EV2A-x3568a,5.10808214227103
experimental_reference,A71EV2A-x3571a,4.952204384072568
experimental_reference,A71EV2A-x3571b,4.952204384072568
experimental_reference,A71EV2A-x3575a,
experimental_reference,A71EV2A-x3849a,4.939681121858298
experimental_reference,A71EV2A-x3858a,4.620456050805198
experimental_reference,A71EV2A-x3858b,4.620456050805198
experimental_reference,A71EV2A-x3862a,5.523700643055132
experimental_reference,A71EV2A-x3867a,4.804100347590766
experimental_reference,A71EV2A-x3868a,
experimental_reference,A71EV2A-x3869a,4.939681121858298
experimental_reference,A71EV2A-x3883a,5.523700643055132
experimental_reference,A71EV2A-x3884a,4.930769702637148
experimental_reference,A71EV2A-x3884b,4.930769702637148
experimental_reference,A71EV2A-x3890a,5.349983835684398
experimental_reference,A71EV2A-x3895a,4.62709189585908
experimental_reference,A71EV2A-x3897a,
experimental_reference,A71EV2A-x3901a,5.622664040174432
experimental_reference,A71EV2A-x3908a,4.627087997029894
experimental_reference,A71EV2A-x3914a,4.405607449624573
experimental_reference,A71EV2A-x3920a,
experimental_reference,A71EV2A-x3936a,6.0
experimental_reference,A71EV2A-x3937a,4.227015096629662
experimental_reference,A71EV2A-x3938a,
experimental_reference,A71EV2A-x3939a,4.928117992693875
experimental_reference,A71EV2A-x3940a,4.727236212379233
experimental_reference,A71EV2A-x3942a,4.78560502978966
experimental_reference,A71EV2A-x3944a,4.908336601699183
experimental_reference,A71EV2A-x3954a,4.452380443994761
experimental_reference,A71EV2A-x3956a,5.044970753420985
experimental_reference,A71EV2A-x3963a,
experimental_reference,A71EV2A-x3963b,
experimental_reference,A71EV2A-x3968a,5.5670035086585905
experimental_reference,A71EV2A-x3975a,5.024630533433036
experimental_reference,A71EV2A-x3977a,4.935542010773082
experimental_reference,A71EV2A-x3977b,4.935542010773082
experimental_reference,A71EV2A-x3981a,
experimental_reference,A71EV2A-x3982a,5.179858685151659
experimental_reference,A71EV2A-x3986a,5.135488918941608
experimental_reference,A71EV2A-x3986b,5.135488918941608
experimental_reference,A71EV2A-x3989a,5.04901488179868
experimental_reference,A71EV2A-x3990a,5.110698297493689
experimental_reference,A71EV2A-x3992a,4.612119831707907
experimental_reference,A71EV2A-x3992b,4.612119831707907
experimental_reference,A71EV2A-x3993a,4.899323290233971
experimental_reference,A71EV2A-x3993b,4.899323290233971
experimental_reference,A71EV2A-x4012a,
experimental_reference,A71EV2A-x4012b,
experimental_reference,A71EV2A-x4017a,
experimental_reference,A71EV2A-x4017b,
experimental_reference,A71EV2A-x4018a,4.952188702489189
experimental_reference,A71EV2A-x4018b,4.952188702489189
experimental_reference,A71EV2A-x4020a,4.290127690297292
experimental_reference,A71EV2A-x4020b,4.290127690297292
experimental_reference,A71EV2A-x4028a,4.449959375475284
experimental_reference,A71EV2A-x4029a,4.956855685489159
experimental_reference,A71EV2A-x4031a,4.487273331768478
experimental_reference,A71EV2A-x4031b,4.487273331768478
experimental_reference,A71EV2A-x4032a,5.055150304924533
experimental_reference,A71EV2A-x4032b,5.055150304924533
experimental_reference,A71EV2A-x4035a,4.465918205168407
experimental_reference,A71EV2A-x4035b,4.465918205168407
experimental_reference,A71EV2A-x4202a,4.479401524821051
experimental_reference,A71EV2A-x4202b,4.479401524821051
experimental_reference,A71EV2A-x4290a,4.472492797097293
experimental_reference,A71EV2A-x4291a,4.306273051076353
experimental_reference,A71EV2A-x4292a,
experimental_reference,A71EV2A-x4295a,5.276902343492681
experimental_reference,A71EV2A-x4298a,5.072431269429168
experimental_reference,A71EV2A-x4303a,
experimental_reference,A71EV2A-x4303b,
experimental_reference,A71EV2A-x4304a,
experimental_reference,A71EV2A-x4305a,4.877787213913532
experimental_reference,A71EV2A-x4306a,5.15661038833037
experimental_reference,A71EV2A-x4308a,4.6271423700874985
experimental_reference,A71EV2A-x4309a,4.09366495819491
experimental_reference,A71EV2A-x4309b,4.09366495819491
experimental_reference,A71EV2A-x4310a,5.032452023781138
experimental_reference,A71EV2A-x4310b,5.032452023781138
experimental_reference,A71EV2A-x4311a,4.916961547867879
experimental_reference,A71EV2A-x4312a,5.0762380391713
experimental_reference,A71EV2A-x4313a,4.917407524166997
experimental_reference,A71EV2A-x4315a,
experimental_reference,A71EV2A-x4316a,4.789637072991269
experimental_reference,A71EV2A-x4317a,
experimental_reference,A71EV2A-x4319a,4.2296663664747784
experimental_reference,A71EV2A-x4320a,4.349692476868063
experimental_reference,A71EV2A-x4321a,5.101757238648579
experimental_reference,A71EV2A-x4321b,5.101757238648579
experimental_reference,A71EV2A-x4322a,4.265200170411153
experimental_reference,A71EV2A-x4324a,
experimental_reference,A71EV2A-x4331a,
experimental_reference,A71EV2A-x4331b,
experimental_reference,A71EV2A-x4333a,
experimental_reference,A71EV2A-x4334a,4.1650303504723505
experimental_reference,A71EV2A-x4334b,4.1650303504723505
experimental_reference,A71EV2A-x4336a,4.065026720650614
experimental_reference,A71EV2A-x4341a,3.9387751065420744
experimental_reference,A71EV2A-x4342a,
experimental_reference,A71EV2A-x4343a,
experimental_reference,A71EV2A-x4343b,
experimental_reference,A71EV2A-x4344a,3.9502403164313624
experimental_reference,A71EV2A-x4346a,
experimental_reference,A71EV2A-x4347a,4.286509456906058
experimental_reference,A71EV2A-x4350a,
experimental_reference,A71EV2A-x4351a,4.959254335737151
experimental_reference,A71EV2A-x4365a,
experimental_reference,A71EV2A-x4365b,
experimental_reference,A71EV2A-x4368a,4.576757218249551
experimental_reference,A71EV2A-x4372a,5.153756287657022
experimental_reference,A71EV2A-x4373a,
experimental_reference,A71EV2A-x4374a,4.345773777137761
experimental_reference,A71EV2A-x4374b,4.345773777137761
experimental_reference,A71EV2A-x4380a,
experimental_reference,A71EV2A-x4381a,3.806800765395556
experimental_reference,A71EV2A-x4203a,4.018634490921456
experimental_reference,A71EV2A-x4207a,5.238439218136987
experimental_reference,A71EV2A-x4207b,5.238439218136987
experimental_reference,A71EV2A-x4209a,4.37828501116997
experimental_reference,A71EV2A-x4214a,5.161780778092374
experimental_reference,A71EV2A-x4214b,5.161780778092374
experimental_reference,A71EV2A-x4237a,5.478592246479633
experimental_reference,A71EV2A-x4237b,5.478592246479633
experimental_reference,A71EV2A-x4237c,5.478592246479633
experimental_reference,A71EV2A-x4237d,5.478592246479633
experimental_reference,A71EV2A-x4239a,4.819608655063361
experimental_reference,A71EV2A-x4254a,
experimental_reference,A71EV2A-x4260a,5.28547334915742
experimental_reference,A71EV2A-x4274a,5.576653344896242
experimental_reference,A71EV2A-x4274b,5.576653344896242
experimental_reference,A71EV2A-x4283a,4.648165195719463
experimental_reference,A71EV2A-x4283b,4.648165195719463
experimental_reference,A71EV2A-x4386a,5.393063563669464
experimental_reference,A71EV2A-x4388a,4.832067775571805
experimental_reference,A71EV2A-x4390a,
experimental_reference,A71EV2A-x4402a,4.9115465169214945
experimental_reference,A71EV2A-x4403a,4.135380979941972
experimental_reference,A71EV2A-x4406a,5.212129340035951
experimental_reference,A71EV2A-x4409a,4.620443689892642
experimental_reference,A71EV2A-x4415a,
experimental_reference,A71EV2A-x4416a,4.609064892896621
experimental_reference,A71EV2A-x4418a,4.618016608302379
experimental_reference,A71EV2A-x4420a,
experimental_reference,A71EV2A-x4421a,
experimental_reference,A71EV2A-x4423a,
experimental_reference,A71EV2A-x4426a,4.716801953096995
experimental_reference,A71EV2A-x4429a,4.069229199277436
experimental_reference,A71EV2A-x4431a,6.504803930407411
experimental_reference,A71EV2A-x4445a,5.415903931859735
experimental_reference,A71EV2A-x4445b,5.415903931859735
experimental_reference,A71EV2A-x4447a,5.398637148380375
experimental_reference,A71EV2A-x4447b,5.398637148380375
experimental_reference,A71EV2A-x4449a,5.238439218136987
experimental_reference,A71EV2A-x4449b,5.238439218136987
experimental_reference,A71EV2A-x4451a,4.869666231504994
experimental_reference,A71EV2A-x4451b,4.869666231504994
experimental_reference,A71EV2A-x4456a,5.148337017678052
experimental_reference,A71EV2A-x4456b,5.148337017678052
experimental_reference,A71EV2A-x4461a,5.18523404082538
experimental_reference,A71EV2A-x4463a,4.492392502728005
experimental_reference,A71EV2A-x4464a,3.654064344980796
experimental_reference,A71EV2A-x4467a,
experimental_reference,A71EV2A-x4472a,4.667561540084395
experimental_reference,A71EV2A-x4476a,4.6216971581255635
experimental_reference,A71EV2A-x4489a,
experimental_reference,A71EV2A-x4489b,
experimental_reference,A71EV2A-x4490a,
experimental_reference,A71EV2A-x4494a,
experimental_reference,A71EV2A-x4496a,
experimental_reference,A71EV2A-x4509a,
experimental_reference,A71EV2A-x4510a,4.462842099070634
experimental_reference,A71EV2A-x4514a,4.618930913825583
experimental_reference,A71EV2A-x4516a,
experimental_reference,A71EV2A-x4519a,4.424218724311264
experimental_reference,A71EV2A-x4519b,4.424218724311264
experimental_reference,A71EV2A-x4524a,4.612661045864782
experimental_reference,A71EV2A-x4526a,
experimental_reference,A71EV2A-x4528a,
experimental_reference,A71EV2A-x4537a,
experimental_reference,A71EV2A-x4538a,
experimental_reference,A71EV2A-x4540a,3.7253509633996433
experimental_reference,A71EV2A-x4541a,
experimental_reference,A71EV2A-x4541b,
experimental_reference,A71EV2A-x4544a,
experimental_reference,A71EV2A-x4546a,
experimental_reference,A71EV2A-x4547a,5.116903441948165
experimental_reference,A71EV2A-x4554a,5.161195917717353
experimental_reference,A71EV2A-x4559a,
experimental_reference,A71EV2A-x4559b,
experimental_reference,A71EV2A-x4563a,
experimental_reference,A71EV2A-x4570a,
experimental_reference,A71EV2A-x4571a,4.462842099070634
experimental_reference,A71EV2A-x4575a,4.618930913825583
experimental_reference,A71EV2A-x4580a,4.424218724311264
experimental_reference,A71EV2A-x4580b,4.424218724311264
experimental_reference,A71EV2A-x4583a,4.598941671349912
experimental_reference,A71EV2A-x4583b,4.598941671349912
experimental_reference,A71EV2A-x4586a,
experimental_reference,A71EV2A-x4596a,4.611743840379951
experimental_reference,A71EV2A-x4596c,4.611743840379951
experimental_reference,A71EV2A-x4596b,4.611743840379951
experimental_reference,A71EV2A-x4606a,4.60382166833978
experimental_reference,A71EV2A-x4606b,4.60382166833978
experimental_reference,A71EV2A-x4608a,3.7495909235288316
experimental_reference,A71EV2A-x4611a,
experimental_reference,A71EV2A-x4611b,
experimental_reference,A71EV2A-x4644a,
experimental_reference,A71EV2A-x4644b,
experimental_reference,A71EV2A-x4650a,
experimental_reference,A71EV2A-x4654a,4.616184634019569
experimental_reference,A71EV2A-x4656a,4.325140144305149
experimental_reference,A71EV2A-x4661a,5.565980102355844
experimental_reference,A71EV2A-x4669a,4.037176387439713
experimental_reference,A71EV2A-x4669b,4.037176387439713
experimental_reference,A71EV2A-x4670a,5.23959580735841
experimental_reference,A71EV2A-x4673a,
experimental_reference,A71EV2A-x4673b,
experimental_reference,A71EV2A-x4674a,4.5141394746468695
experimental_reference,A71EV2A-x4674b,4.5141394746468695
experimental_reference,A71EV2A-x4674c,4.5141394746468695
experimental_reference,A71EV2A-x4675a,4.018181392829336
experimental_reference,A71EV2A-x4684a,4.640164517660112
experimental_reference,A71EV2A-x4689a,4.407893372233542
experimental_reference,A71EV2A-x4694a,4.6439741428068775
experimental_reference,A71EV2A-x4695a,
experimental_reference,A71EV2A-x4701a,4.0270354434741735
experimental_reference,A71EV2A-x4703a,3.761033004441306
experimental_reference,A71EV2A-x4706a,4.603800652904264
experimental_reference,A71EV2A-x4707a,4.607306606035202
experimental_reference,A71EV2A-x4708a,4.388276691992658
experimental_reference,A71EV2A-x4710a,4.610891805164698
experimental_reference,A71EV2A-x4711a,
experimental_reference,A71EV2A-x4712a,4.601955140820748
experimental_reference,A71EV2A-x4715a,
experimental_reference,A71EV2A-x4715b,
experimental_reference,A71EV2A-x4721a,4.006123085058789
experimental_reference,A71EV2A-x4724a,4.92096962924201
experimental_reference,A71EV2A-x4727a,4.6073172842698655
experimental_reference,A71EV2A-x4735a,4.853871964321762
experimental_reference,A71EV2A-x4736a,4.808721339045607
experimental_reference,A71EV2A-x4739a,4.558200508454535
experimental_reference,A71EV2A-x4742a,
experimental_reference,A71EV2A-x4742b,
experimental_reference,A71EV2A-x4745a,4.603800652904264
experimental_reference,A71EV2A-x4746a,3.883316455303125
experimental_reference,A71EV2A-x4748a,
experimental_reference,A71EV2A-x4751a,4.015189894778023
experimental_reference,A71EV2A-x4752a,
experimental_reference,A71EV2A-x4753a,3.8397825513691886
experimental_reference,A71EV2A-x4771a,
experimental_reference,A71EV2A-x4774a,4.781195179900988
experimental_reference,A71EV2A-x4777a,
experimental_reference,A71EV2A-x4778a,4.828494707777949
experimental_reference,A71EV2A-x4784a,4.617982957425132
experimental_reference,A71EV2A-x4786a,
experimental_reference,A71EV2A-x4791a,4.035167674220528
experimental_reference,A71EV2A-x4794a,4.0254883072626715
experimental_reference,A71EV2A-x4798a,4.017390444950877
experimental_reference,A71EV2A-x4806a,
experimental_reference,A71EV2A-x4806b,
experimental_reference,A71EV2A-x4809a,3.7794804346789226
experimental_reference,A71EV2A-x4812a,4.176969771296364
experimental_reference,A71EV2A-x4824a,5.8268386347140675
experimental_reference,A71EV2A-x4824b,5.8268386347140675
experimental_reference,A71EV2A-x4826a,5.452530294347775
experimental_reference,A71EV2A-x4826b,5.452530294347775
experimental_reference,A71EV2A-x4827a,5.534026193176526
experimental_reference,A71EV2A-x4827b,5.534026193176526
experimental_reference,A71EV2A-x4829a,5.262803072736122
experimental_reference,A71EV2A-x4829b,5.262803072736122
experimental_reference,A71EV2A-x4836a,
experimental_reference,A71EV2A-x4838a,
experimental_reference,A71EV2A-x4839a,
experimental_reference,A71EV2A-x4840a,3.660111973943557
experimental_reference,A71EV2A-x4843a,4.561127532480804
experimental_reference,A71EV2A-x4845a,3.7202298309212716
experimental_reference,A71EV2A-x4846a,
experimental_reference,A71EV2A-x4847a,
experimental_reference,A71EV2A-x4851a,4.319967775442991
experimental_reference,A71EV2A-x4855a,
experimental_reference,A71EV2A-x4856a,4.166573738364501
experimental_reference,A71EV2A-x4872a,
experimental_reference,A71EV2A-x4873a,4.612661045864782
experimental_reference,A71EV2A-x4873b,4.612661045864782
experimental_reference,A71EV2A-x4874a,
experimental_reference,A71EV2A-x4874b,
experimental_reference,A71EV2A-x4877a,
experimental_reference,A71EV2A-x4877b,
experimental_reference,A71EV2A-x4880a,
experimental_reference,A71EV2A-x4880b,
experimental_reference,A71EV2A-x4882a,
experimental_reference,A71EV2A-x4882b,
experimental_reference,A71EV2A-x4883a,4.2209855861319525
experimental_reference,A71EV2A-x4883b,4.2209855861319525
experimental_reference,A71EV2A-x4885a,4.1315895194873935
experimental_reference,A71EV2A-x4885b,4.1315895194873935
experimental_reference,A71EV2A-x4894a,3.955966436496336
experimental_reference,A71EV2A-x4895a,4.277445359017488
experimental_reference,A71EV2A-x4895b,4.277445359017488
experimental_reference,A71EV2A-x4899a,4.601213898998983
experimental_reference,A71EV2A-x4899b,4.601213898998983
experimental_reference,A71EV2A-x4903a,5.262803072736122
experimental_reference,A71EV2A-x4903b,5.262803072736122
experimental_reference,A71EV2A-x4908a,
experimental_reference,A71EV2A-x4914a,5.097431091411007
experimental_reference,A71EV2A-x4918a,5.072700933344527
experimental_reference,A71EV2A-x4921a,
experimental_reference,A71EV2A-x4922a,4.6020599913279625
experimental_reference,A71EV2A-x4924a,4.255233465290414
experimental_reference,A71EV2A-x4926a,
experimental_reference,A71EV2A-x4928a,
experimental_reference,A71EV2A-x4934a,
experimental_reference,A71EV2A-x4963a,4.028724151261895
experimental_reference,A71EV2A-x4963b,4.028724151261895
experimental_reference,A71EV2A-x4967a,
experimental_reference,A71EV2A-x4967b,
experimental_reference,A71EV2A-x4967c,
experimental_reference,A71EV2A-x4974a,4.026655009457717
experimental_reference,A71EV2A-x4977a,6.128863936621021
experimental_reference,A71EV2A-x4977b,6.128863936621021
experimental_reference,A71EV2A-x4979a,4.03673794170959
experimental_reference,A71EV2A-x4979b,4.03673794170959
experimental_reference,A71EV2A-x4980a,
experimental_reference,A71EV2A-x4986a,5.0622764945153795
experimental_reference,A71EV2A-x4986b,5.0622764945153795
experimental_reference,A71EV2A-x4935a,5.073475651835252
experimental_reference,A71EV2A-x4940a,3.955966436496336
experimental_reference,A71EV2A-x4943a,4.826813731587726
experimental_reference,A71EV2A-x4943b,4.826813731587726
experimental_reference,A71EV2A-x4947a,
experimental_reference,A71EV2A-x4949a,
experimental_reference,A71EV2A-x4954a,4.668737062060432
experimental_reference,A71EV2A-x4959a,
experimental_reference,A71EV2A-x4959b,
experimental_reference,A71EV2A-x4992a,4.608000737058194
experimental_reference,A71EV2A-x4994a,4.610833915635467
experimental_reference,A71EV2A-x4998a,
experimental_reference,A71EV2A-x4998b,
experimental_reference,A71EV2A-x5015a,5.099072631333438
experimental_reference,A71EV2A-x5015b,5.099072631333438
experimental_reference,A71EV2A-x5016a,
experimental_reference,A71EV2A-x5022a,4.217527375833714
experimental_reference,A71EV2A-x5022b,4.217527375833714
experimental_reference,A71EV2A-x5028a,
experimental_reference,A71EV2A-x5036a,4.608183969818477
experimental_reference,A71EV2A-x5036b,4.608183969818477
experimental_reference,A71EV2A-x5039a,5.186217598084144
experimental_reference,A71EV2A-x5039b,5.186217598084144
experimental_reference,A71EV2A-x5052a,4.5934598195660445
experimental_reference,A71EV2A-x5065a,
experimental_reference,A71EV2A-x5073a,
experimental_reference,A71EV2A-x5079a,3.43690985073048
experimental_reference,A71EV2A-x5079b,3.43690985073048
experimental_reference,A71EV2A-x5081a,4.037630664329979
experimental_reference,A71EV2A-x5081b,4.037630664329979
experimental_reference,A71EV2A-x5082a,4.625197671079573
experimental_reference,A71EV2A-x5082b,4.625197671079573
experimental_reference,A71EV2A-x5090a,5.738140147629213
experimental_reference,A71EV2A-x5091a,
experimental_reference,A71EV2A-x5104a,
experimental_reference,A71EV2A-x5106a,4.649751981665837
experimental_reference,A71EV2A-x5150a,5.738140147629213
experimental_reference,A71EV2A-x5151a,3.551812748385584
experimental_reference,A71EV2A-x5171a,5.207231875935455
experimental_reference,A71EV2A-x5171b,5.207231875935455
experimental_reference,A71EV2A-x5177a,5.676463453677816
experimental_reference,A71EV2A-x5182a,4.881756561812204
experimental_reference,A71EV2A-x5200a,4.494060495927921
experimental_reference,A71EV2A-x5203a,4.084730020129478
experimental_reference,A71EV2A-x5203b,4.084730020129478
experimental_reference,A71EV2A-x5210a,4.631937259138866
experimental_reference,A71EV2A-x5210b,4.631937259138866
experimental_reference,A71EV2A-x5212a,4.424812155072339
experimental_reference,A71EV2A-x5213a,4.653647025549361
experimental_reference,A71EV2A-x5213b,4.653647025549361
experimental_reference,A71EV2A-x5219a,
experimental_reference,A71EV2A-x5219b,
experimental_reference,A71EV2A-x5221a,3.9648133085158968
experimental_reference,A71EV2A-x5222a,
experimental_reference,A71EV2A-x5226a,4.027340564735919
experimental_reference,A71EV2A-x5231a,3.5961527992975952
experimental_reference,A71EV2A-x5247a,5.370420577541523
experimental_reference,A71EV2A-x5247b,5.370420577541523
experimental_reference,A71EV2A-x5249a,3.9795272089559
experimental_reference,A71EV2A-x5255a,
experimental_reference,A71EV2A-x5258a,
experimental_reference,A71EV2A-x5261a,5.772572568212773
experimental_reference,A71EV2A-x5262a,4.051345937463026
experimental_reference,A71EV2A-x5262b,4.051345937463026
experimental_reference,A71EV2A-x5268a,4.006585256974127
experimental_reference,A71EV2A-x5276a,5.5276774658141035
experimental_reference,A71EV2A-x5277a,4.0045909104114665
experimental_reference,A71EV2A-x5278a,3.989247537499024
experimental_reference,A71EV2A-x5283a,5.775683273773221
experimental_reference,A71EV2A-x5283b,5.775683273773221
experimental_reference,A71EV2A-x5288a,3.79526753551538
experimental_reference,A71EV2A-x5288b,3.79526753551538
experimental_reference,A71EV2A-x5289a,5.313218576201494
experimental_reference,A71EV2A-x5289b,5.313218576201494
experimental_reference,A71EV2A-x5317a,4.5968794788241825
experimental_reference,A71EV2A-x5339a,5.163175522827518
experimental_reference,A71EV2A-x5339b,5.163175522827518
experimental_reference,A71EV2A-x5351a,4.042264201974706
experimental_reference,A71EV2A-x5359a,4.5951662833800615
experimental_reference,A71EV2A-x5359b,4.5951662833800615
experimental_reference,A71EV2A-x5366a,5.163175522827518
experimental_reference,A71EV2A-x5366b,5.163175522827518
experimental_reference,A71EV2A-x5381a,
experimental_reference,A71EV2A-x5381b,
experimental_reference,A71EV2A-x5383a,5.186061162833519
experimental_reference,A71EV2A-x5387a,3.66094239119996
experimental_reference,A71EV2A-x5387b,3.66094239119996
experimental_reference,A71EV2A-x5388a,
experimental_reference,A71EV2A-x5389a,4.29598340377612
experimental_reference,A71EV2A-x5393a,
experimental_reference,A71EV2A-x5394a,
experimental_reference,A71EV2A-x5394b,
experimental_reference,A71EV2A-x5398a,5.510062512868513
experimental_reference,A71EV2A-x5401a,
experimental_reference,A71EV2A-x5402a,
experimental_reference,A71EV2A-x5403a,5.1112214896446675
experimental_reference,A71EV2A-x5409a,4.5977462809495115
experimental_reference,A71EV2A-x5409b,4.5977462809495115
experimental_reference,A71EV2A-x5424a,4.633044431676764
experimental_reference,A71EV2A-x5424b,4.633044431676764
experimental_reference,A71EV2A-x5425a,4.589713631215067
experimental_reference,A71EV2A-x5425b,4.589713631215067
experimental_reference,A71EV2A-x5427a,4.7544873321858505
experimental_reference,A71EV2A-x5431a,4.430090742898188
experimental_reference,A71EV2A-x5431b,4.430090742898188
experimental_reference,A71EV2A-x5448a,4.006352818021342
experimental_reference,A71EV2A-x5449a,5.609697925694327
experimental_reference,A71EV2A-x5449b,5.609697925694327
experimental_reference,A71EV2A-x5452a,
experimental_reference,A71EV2A-x5452b,
experimental_reference,A71EV2A-x5460a,
experimental_reference,A71EV2A-x5461a,
experimental_reference,A71EV2A-x5462a,
experimental_reference,A71EV2A-x5466a,3.8964015060220625
experimental_reference,A71EV2A-x5475a,4.060454118763697
experimental_reference,A71EV2A-x5475b,4.060454118763697
experimental_reference,A71EV2A-x5479a,4.597502408486665
experimental_reference,A71EV2A-x5482a,4.215114698485657
experimental_reference,A71EV2A-x5488a,4.011460574435142
experimental_reference,A71EV2A-x5489a,
experimental_reference,A71EV2A-x5489b,
experimental_reference,A71EV2A-x5494a,4.01122507362837
experimental_reference,A71EV2A-x5497a,4.003097753980533
experimental_reference,A71EV2A-x5509a,5.983523026568097
experimental_reference,A71EV2A-x5512a,6.058292496038209
experimental_reference,A71EV2A-x5512b,6.058292496038209
experimental_reference,A71EV2A-x5525a,5.955905430140241
experimental_reference,A71EV2A-x5525b,5.955905430140241
experimental_reference,A71EV2A-x5526a,5.7575850142068425
experimental_reference,A71EV2A-x5533a,4.674438823846753
experimental_reference,A71EV2A-x5539a,
experimental_reference,A71EV2A-x5539b,
experimental_reference,A71EV2A-x5544a,5.579850424620521
experimental_reference,A71EV2A-x5550a,4.000869458712629
experimental_reference,A71EV2A-x5556a,4.041436116778033
experimental_reference,A71EV2A-x5559a,4.421371068072836
experimental_reference,A71EV2A-x5570a,4.1290096443216555
experimental_reference,A71EV2A-x5572a,3.9425768354879955
experimental_reference,A71EV2A-x5576a,
experimental_reference,A71EV2A-x5576b,
experimental_reference,A71EV2A-x5581a,5.699017277769941
experimental_reference,A71EV2A-x5584a,
experimental_reference,A71EV2A-x5584b,
experimental_reference,A71EV2A-x5594a,4.504331180271011
experimental_reference,A71EV2A-x5594b,4.504331180271011
experimental_reference,A71EV2A-x5598a,4.924868863339022
experimental_reference,A71EV2A-x5598b,4.924868863339022
experimental_reference,A71EV2A-x5599a,4.479326279665005
experimental_reference,A71EV2A-x5599b,4.479326279665005
experimental_reference,A71EV2A-x5604a,6.017614181634599
experimental_reference,A71EV2A-x5608a,3.774068781319247
experimental_reference,A71EV2A-x5608b,3.774068781319247
experimental_reference,A71EV2A-x5635a,4.315546325758652
experimental_reference,A71EV2A-x5635b,4.315546325758652
experimental_reference,A71EV2A-x5665a,4.327996747928408
experimental_reference,A71EV2A-x5666a,5.794648268341138
experimental_reference,A71EV2A-x5673a,4.632644078973981
experimental_reference,A71EV2A-x5676a,4.012372581165862
experimental_reference,A71EV2A-x5687a,6.105065909655473
experimental_reference,A71EV2A-x5699a,4.7121982700697735
experimental_reference,A71EV2A-x5705a,5.012334272309165
experimental_reference,A71EV2A-x5705b,5.012334272309165
experimental_reference,A71EV2A-x5721a,4.005682847330363
experimental_reference,A71EV2A-x5721b,4.005682847330363
experimental_reference,A71EV2A-x5727a,
experimental_reference,A71EV2A-x5728a,4.437172628708407
experimental_reference,A71EV2A-x5744a,4.180071698767357
experimental_reference,A71EV2A-x5747a,4.011869615687259
experimental_reference,A71EV2A-x5753a,
experimental_reference,A71EV2A-x5758a,4.022734028686543
experimental_reference,A71EV2A-x5758b,4.022734028686543
experimental_reference,A71EV2A-x5764a,
experimental_reference,A71EV2A-x5764b,
experimental_reference,A71EV2A-x5766a,4.207870191519494
experimental_reference,A71EV2A-x5777a,4.76433957251824
experimental_reference,A71EV2A-x5777b,4.76433957251824
experimental_reference,A71EV2A-x5779a,4.024899837282849
experimental_reference,A71EV2A-x5788a,5.508866053332301
experimental_reference,A71EV2A-x5793a,
experimental_reference,A71EV2A-x5793b,
experimental_reference,A71EV2A-x5798a,4.476253533188435
experimental_reference,A71EV2A-x5798b,4.476253533188435
experimental_reference,A71EV2A-x5802a,4.5796822958876815
experimental_reference,A71EV2A-x5802b,4.5796822958876815
experimental_reference,A71EV2A-x5808a,6.326170396191348
experimental_reference,A71EV2A-x5808b,6.326170396191348
experimental_reference,A71EV2A-x5819a,4.757850080326607
experimental_reference,A71EV2A-x5819b,4.757850080326607
experimental_reference,A71EV2A-x5822a,
experimental_reference,A71EV2A-x5824a,4.001740661576301
experimental_reference,A71EV2A-x5824b,4.001740661576301
experimental_reference,A71EV2A-x5830a,6.134970625328986
experimental_reference,A71EV2A-x5833a,5.816743356703912
experimental_reference,A71EV2A-x5836a,6.438312682607372
experimental_reference,A71EV2A-x5850a,4.913179132164633
experimental_reference,A71EV2A-x5854a,6.155618588158782
experimental_reference,A71EV2A-x5857a,5.785803993839482
experimental_reference,A71EV2A-x5864a,6.104588372500485
experimental_reference,A71EV2A-x5868a,4.564352412519983
experimental_reference,A71EV2A-x5877a,5.612933991649193
experimental_reference,A71EV2A-x5879a,6.031014087429405
experimental_reference,A71EV2A-x5879b,6.031014087429405
experimental_reference,A71EV2A-x5884a,5.656918950334414
experimental_reference,A71EV2A-x5891a,4.616253373468555
experimental_reference,A71EV2A-x5894a,
experimental_reference,A71EV2A-x5898a,
experimental_reference,A71EV2A-x5949a,
experimental_reference,A71EV2A-x5992a,4.599655204790009
experimental_reference,A71EV2A-x5992b,4.599655204790009
experimental_reference,A71EV2A-x5995a,4.913179132164633
experimental_reference,A71EV2A-x5995b,4.913179132164633
experimental_reference,A71EV2A-x6021a,5.471985787685622
experimental_reference,A71EV2A-x6025a,4.852511447271943
experimental_reference,A71EV2A-x6027a,5.435913722030655
experimental_reference,A71EV2A-x6028a,6.086272291520818
experimental_reference,A71EV2A-x6032a,5.401951923140469
experimental_reference,A71EV2A-x6035a,5.484126156288321
experimental_reference,A71EV2A-x6714a,4.801706220928761
experimental_reference,A71EV2A-x6726a,4.287343084176254
experimental_reference,A71EV2A-x6730a,4.604279969816917
experimental_reference,A71EV2A-x6736a,5.926316446103106
experimental_reference,A71EV2A-x6738a,6.266038858073333
experimental_reference,A71EV2A-x6739a,5.732131922180389
experimental_reference,A71EV2A-x6746a,5.742028204896328
experimental_reference,A71EV2A-x6769a,5.682717212000788
experimental_reference,A71EV2A-x6776a,
experimental_reference,A71EV2A-x6778a,5.6330261065597185
experimental_reference,A71EV2A-x6791a,6.212710086334884
experimental_reference,A71EV2A-x6794a,5.508648103412354
experimental_reference,A71EV2A-x6797a,
experimental_reference,A71EV2A-x6802a,6.486226948852135
experimental_reference,A71EV2A-x6808a,6.006913143117045
experimental_reference,A71EV2A-x6816a,4.730497044785864
experimental_reference,A71EV2A-x6816b,4.730497044785864
experimental_reference,A71EV2A-x6818a,4.15694990903351
experimental_reference,A71EV2A-x6819a,4.505347154054938
experimental_reference,A71EV2A-x6821a,5.199617314652804
experimental_reference,A71EV2A-x6827a,6.359785941635829
experimental_reference,A71EV2A-x6832a,7.714442690992226
experimental_reference,A71EV2A-x6838a,6.5697284843589205
experimental_reference,A71EV2A-x6841a,
experimental_reference,A71EV2A-x6844a,4.606251898190906
experimental_reference,A71EV2A-x6847a,4.621638788259481
experimental_reference,A71EV2A-x6851a,4.621638788259481
experimental_reference,A71EV2A-x6853a,4.556507378095548
experimental_reference,A71EV2A-x6856a,4.6077519100900055
experimental_reference,A71EV2A-x6877a,5.669481598088156
experimental_reference,A71EV2A-x6895a,5.692662147010851
experimental_reference,A71EV2A-x6914a,7.150528408418002
experimental_reference,A71EV2A-x6920a,6.526908295764941
experimental_reference,A71EV2A-x6925a,5.437915347454481
experimental_reference,A71EV2A-x6932a,6.442779415416162
experimental_reference,A71EV2A-x6934a,4.612020519224207
experimental_reference,A71EV2A-x6938a,5.358458624958955
experimental_reference,A71EV2A-x6944a,
experimental_reference,A71EV2A-x6945a,4.197688573451602
experimental_reference,A71EV2A-x6948a,5.687762124194347
experimental_reference,A71EV2A-x6948b,5.687762124194347
experimental_reference,A71EV2A-x6955a,5.150667872559956
experimental_reference,A71EV2A-x6955b,5.150667872559956
experimental_reference,A71EV2A-x6973a,
experimental_reference,A71EV2A-x6980a,5.669481598088156
experimental_reference,A71EV2A-x6991a,4.6108664765966765
experimental_reference,A71EV2A-x7021a,6.278226151900541
experimental_reference,A71EV2A-x7002a,6.622961397710664
experimental_reference,A71EV2A-x7008a,6.512183700381108
experimental_reference,A71EV2A-x7011a,7.302627133357621
experimental_reference,A71EV2A-x7015a,6.483018872150272
experimental_reference,A71EV2A-x7018a,5.745487997043694
experimental_reference,A71EV2A-x7024a,6.462158164196289
experimental_reference,A71EV2A-x7025a,6.048106607275539
experimental_reference,A71EV2A-x7026a,6.293489458676176
experimental_reference,A71EV2A-x7026b,6.293489458676176
experimental_reference,A71EV2A-x7031a,6.925751444530095
experimental_reference,A71EV2A-x7032a,6.025403843721281
experimental_reference,A71EV2A-x7035a,4.616633749466019
experimental_reference,A71EV2A-x7038a,7.194299872872455
experimental_reference,A71EV2A-x7043a,5.601864484742403
experimental_reference,A71EV2A-x7043b,5.601864484742403
experimental_reference,A71EV2A-x7044a,6.6437811411974925
experimental_reference,A71EV2A-x7046a,6.4554495427646055
experimental_reference,A71EV2A-x7050a,
experimental_reference,A71EV2A-x7056a,6.131209779277596
experimental_reference,A71EV2A-x7070a,6.615017621163278
experimental_reference,A71EV2A-x7071a,
experimental_reference,A71EV2A-x7093a,6.9071041930964325
experimental_reference,A71EV2A-x7095a,6.078663358532402
experimental_reference,A71EV2A-x7096a,6.225268032740376
experimental_reference,A71EV2A-x7101a,6.388555177157266
experimental_reference,A71EV2A-x7127a,6.189334160880994
experimental_reference,A71EV2A-x7130a,6.13113891891355
experimental_reference,A71EV2A-x7132a,7.359361237098654
experimental_reference,A71EV2A-x7135a,7.7602217671416405
experimental_reference,A71EV2A-x7147a,7.199879115817523
experimental_reference,A71EV2A-x7151a,5.912659591908459
experimental_reference,A71EV2A-x7154a,5.923489528000301
experimental_reference,A71EV2A-x7161a,5.028984985837811
experimental_reference,A71EV2A-x7167a,4.912085112444354
experimental_reference,A71EV2A-x7167b,4.912085112444354
experimental_reference,A71EV2A-x7169a,6.0703717346625785
experimental_reference,A71EV2A-x7170a,6.265062352283818
experimental_reference,A71EV2A-x7172a,6.323397411601913
experimental_reference,A71EV2A-x7175a,7.197280846039433
experimental_reference,A71EV2A-x7176a,6.244997927316081
experimental_reference,A71EV2A-x7184a,6.058389757043434
experimental_reference,A71EV2A-x7190a,6.08170819903569
experimental_reference,A71EV2A-x7238a,6.170052776781682
experimental_reference,A71EV2A-x7246a,6.211100724659235
experimental_reference,A71EV2A-x7247a,5.214011302839139
experimental_reference,A71EV2A-x7250a,6.173854131618843
experimental_reference,A71EV2A-x7251a,6.134728951225614
experimental_reference,A71EV2A-x7254a,6.3046606911348375
experimental_reference,A71EV2A-x7256a,6.743785006270056
experimental_reference,A71EV2A-x7257a,5.823789680118151
experimental_reference,A71EV2A-x7259a,7.937951041727581
experimental_reference,A71EV2A-x7260a,5.436862866226505
experimental_reference,A71EV2A-x7261a,6.646304383229654
experimental_reference,A71EV2A-x7263a,6.439151337818832
experimental_reference,A71EV2A-x7284a,6.466683163263606
experimental_reference,A71EV2A-x7287a,5.964275769895213
experimental_reference,A71EV2A-x7297a,5.553061207453266
experimental_reference,A71EV2A-x7301a,6.467825319983038
experimental_reference,A71EV2A-x7301b,6.467825319983038
experimental_reference,A71EV2A-x7307a,4.8542464945359285
experimental_reference,A71EV2A-x7309a,6.66771737227654
experimental_reference,A71EV2A-x7316a,7.159468716081884
experimental_reference,A71EV2A-x7317a,6.558486174447746
experimental_reference,A71EV2A-x7317b,6.558486174447746
experimental_reference,A71EV2A-x7318a,5.727326160448949
experimental_reference,A71EV2A-x7321a,4.170150986564742
experimental_reference,A71EV2A-x7323a,6.7751410435308275
experimental_reference,A71EV2A-x7333a,6.994328024624508
experimental_reference,A71EV2A-x7334a,6.426194047786621
experimental_reference,A71EV2A-x7334b,6.426194047786621
experimental_reference,A71EV2A-x7338a,5.748786440007784
experimental_reference,A71EV2A-x7339a,6.695497686202032
experimental_reference,A71EV2A-x7350a,6.770247859071493
experimental_reference,A71EV2A-x7350b,6.770247859071493
experimental_reference,A71EV2A-x7353a,5.357972475219064
experimental_reference,A71EV2A-x7353b,5.357972475219064
experimental_reference,A71EV2A-x7359a,4.590066876668706
experimental_reference,A71EV2A-x7368a,6.6167895690531875
experimental_reference,A71EV2A-x7369a,6.217987758487747
experimental_reference,A71EV2A-x7369b,6.217987758487747
experimental_reference,A71EV2A-x7372a,6.558486174447746
experimental_reference,A71EV2A-x7379a,5.626220997937759
experimental_reference,A71EV2A-x7389a,6.426194047786621
experimental_reference,A71EV2A-x7410a,6.821074156272469
experimental_reference,A71EV2A-x7420a,6.372178760973441
experimental_reference,A71EV2A-x7424a,5.7864475040867696
experimental_reference,A71EV2A-x7427a,5.974361680056222
experimental_reference,A71EV2A-x7430a,5.867264623808438
experimental_reference,A71EV2A-x7432a,5.941351132986486
experimental_reference,A71EV2A-x7433a,5.138183874676179
experimental_reference,A71EV2A-x7436a,6.580678113068668
experimental_reference,A71EV2A-x7436b,6.580678113068668
experimental_reference,A71EV2A-x7442a,6.363385275343752
experimental_reference,A71EV2A-x7445a,4.917388969413124
experimental_reference,A71EV2A-x7446a,5.887521899626527
experimental_reference,A71EV2A-x7448a,6.317002294422829
experimental_reference,A71EV2A-x7459a,6.223231835566202
experimental_reference,A71EV2A-x7461a,6.223231835566202
experimental_reference,A71EV2A-x7465a,6.55419279444554
experimental_reference,A71EV2A-x7465b,6.55419279444554
experimental_reference,A71EV2A-x7475a,5.262032975642954
experimental_reference,A71EV2A-x7475b,5.262032975642954
experimental_reference,A71EV2A-x7491a,5.331449457260316
experimental_reference,A71EV2A-x7491b,5.331449457260316
experimental_reference,A71EV2A-x7501a,5.244486511545811
experimental_reference,A71EV2A-x7501b,5.244486511545811
experimental_reference,A71EV2A-x7510a,5.359471394334077
experimental_reference,A71EV2A-x7510b,5.359471394334077
experimental_reference,A71EV2A-x7515a,6.55419279444554
experimental_reference,A71EV2A-x7533a,6.616555737163779
experimental_reference,A71EV2A-x7533b,6.616555737163779
experimental_reference,A71EV2A-x7545a,6.393012805332465
experimental_reference,A71EV2A-x7545b,6.393012805332465
experimental_reference,A71EV2A-x7558a,5.994964027913848
experimental_reference,A71EV2A-x7560a,7.1865084765696
experimental_reference,A71EV2A-x7560b,7.1865084765696
experimental_reference,A71EV2A-x7570a,7.13169634555566
experimental_reference,A71EV2A-x7576a,6.340503680200894
experimental_reference,A71EV2A-x7576b,6.340503680200894
experimental_reference,A71EV2A-x7580a,6.073633599517659
experimental_reference,A71EV2A-x7580b,6.073633599517659
experimental_reference,A71EV2A-x7589a,7.2725450748210925
experimental_reference,A71EV2A-x7597a,6.343392058545723
experimental_reference,A71EV2A-x7608a,6.794695728715816
experimental_reference,A71EV2A-x7613a,7.112683897314732
experimental_reference,A71EV2A-x7622a,5.928304705589599
experimental_reference,A71EV2A-x7631a,5.676463453677816
