fragalysis_code,smiles,experimental_pKD
A71EV2A-x1346a,Cc1nn(C)c(C)c1CC(=O)N[C@H](CNC(=O)CCl)c1ccc2ccccc2c1 |&1:12|,4.660785023463071
A71EV2A-x1445a,COc1cc(NC(=O)C[C@H](C)C(F)(F)F)n(C)n1 |&1:9|,4.632048101200719
A71EV2A-x1445b,COc1cc(NC(=O)C[C@H](C)C(F)(F)F)n(C)n1 |&1:9|,4.632048101200719
A71EV2A-x1776a,CC(=O)Nc1ccc(C(=O)[C@H](C)Cl)cc1 |&1:10|,4.180676299350614
A71EV2A-x1778a,CC(=O)N1CCc2cc(C(=O)[C@H](C)Cl)ccc21 |&1:11|,5.151407131646511
A71EV2A-x2290a,CNC(=O)c1nn(C)c2ccccc12,5.376184576266073
A71EV2A-x2293a,Cn1nc(C(=O)N2Cc3ccccc3C[C@H]2CN)c2ccccc21 |&1:15|,5.041436116778033
A71EV2A-x2304a,Cn1nc(C(=O)Nc2cn[nH]c2)c2ccccc21,4.7783685062706525
A71EV2A-x2339a,Cn1nc(C(=O)NC2CC2)c2cc(F)ccc21,4.887413111043684
A71EV2A-x2351a,Cn1nc(C(N)=O)c2cc(F)ccc21,5.050703769890054
A71EV2A-x2448a,CN(C)S(=O)(=O)c1cccnc1,5.10745472442027
A71EV2A-x2448b,CN(C)S(=O)(=O)c1cccnc1,5.10745472442027
A71EV2A-x2454a,CC(=O)Nc1cccc(NC(N)=O)c1,4.943095148663527
A71EV2A-x2458a,CNS(=O)(=O)c1ccccc1Cl,6.034867358576641
A71EV2A-x2513a,COc1ccc(Cl)c2c1C(=O)C(=O)N2,4.628932137728264
A71EV2A-x2629a,COc1ccccc1NC(=O)Nc1cccnc1,4.740875707793589
A71EV2A-x3054a,Cc1cccc(NC(=O)N2CCC[C@H](C(N)=O)C2)c1 |a:13|,4.246416941107094
A71EV2A-x3066a,CNC(=O)c1cn(C)c2ccccc12,4.822826736702125
A71EV2A-x3175a,Cc1cc(CNC(=O)c2cn(C)c3ccccc23)on1,4.953569528330592
A71EV2A-x3176a,COC[C@H](C)NC(=O)c1nn(C)c2ccccc12 |&1:3|,4.747146969020107
A71EV2A-x3177a,"Cn1nc(C(=O)N[C@H]2C[C@H]2CO)c2ccccc21 |&1:7,9|",4.8958754625504275
A71EV2A-x3178a,Cn1nc(C(=O)N[C@H]2CCOC2)c2ccccc21 |&1:7|,5.062339877849264
A71EV2A-x3181a,Cn1nc(C(=O)NCCn2cncn2)c2ccccc21,4.939565029910406
A71EV2A-x3181b,Cn1nc(C(=O)NCCn2cncn2)c2ccccc21,4.939565029910406
A71EV2A-x3186a,COc1ccccc1CC(=O)N1CCC[C@H](C(N)=O)C1 |&1:15|,4.128427064454121
A71EV2A-x3191a,NC(=O)[C@H]1CCCN(C(=O)Cc2cccc3occc23)C1 |&1:3|,3.960269771303526
A71EV2A-x3193a,NC(=O)[C@H]1CCCN(C(=O)Cc2ccnc(Cl)c2Br)C1 |&1:3|,4.162204305054052
A71EV2A-x3201a,COc1ncccc1CC(=O)N1CCC[C@H](C(N)=O)C1 |&1:15|,4.324153048333832
A71EV2A-x3208a,NC(=O)[C@H]1CCCN(C(=O)Cc2cc(C(F)(F)F)ccc2Cl)C1 |&1:3|,4.906948150425689
A71EV2A-x3210a,NC(=O)[C@H]1CCCN(C(=O)Cc2cccc3cn[nH]c23)C1 |&1:3|,5.011185771310347
A71EV2A-x3218a,"NC(=O)[C@H]1CCCN(C(=O)[C@H]2CCNc3[nH]ncc32)C1 |&1:3,&2:10|",5.556193958463214
A71EV2A-x3221a,Cc1nc(C)c(CC(=O)N2CCC[C@H](C(N)=O)C2)[nH]1 |a:13|,5.409458546594426
A71EV2A-x3223a,NC(=O)[C@H]1CCCN(C(=O)c2ccnc3[nH]ncc23)C1 |&1:3|,4.787812395596042
A71EV2A-x3225a,Cc1nc2ccccc2n1CC(=O)N1CCC[C@H](C(N)=O)C1 |&1:17|,4.137777547252243
A71EV2A-x3229a,COc1ccncc1CC(=O)N1CCC[C@H](C(N)=O)C1 |&1:15|,4.443671499997475
A71EV2A-x3234a,Cc1cc(C)c(Nc2ccn(C3COC3)n2)c(C)c1,5.016824927962187
A71EV2A-x3264a,Cn1nc(C(=O)NCCc2cocn2)c2cccnc21,4.981705511622298
A71EV2A-x3279a,Cc1cc(C)c(Nc2ccn(C)n2)c(C)c1,5.3072486987698415
A71EV2A-x3280a,Cn1nc(C(=O)NCC(F)(F)c2ccccn2)c2ccccc21,5.168134464700943
A71EV2A-x3286a,Cc1ocnc1CCNC(=O)c1nn(C)c2ccccc12,5.09799710864927
A71EV2A-x3305a,Cc1ccc2c(cnn2C)c1Nc1ccn([C@H]2CCNC2=O)n1 |&1:16|,4.937001727490601
A71EV2A-x3306a,Cn1nc(C(=O)NCCc2cscn2)c2ccccc21,5.337951414156192
A71EV2A-x3324a,Cn1nc(C(=O)NCCc2ccc(S(C)(=O)=O)cc2)c2ccccc21,4.84887783952492
A71EV2A-x3579a,COc1ccccc1CN1C[C@H](C(N)=O)CCC1=O |&1:11|,4.956855685489159
A71EV2A-x3371a,Cn1cnc(CCNC(=O)c2nn(C)c3ccccc23)c1,5.2372107018718905
A71EV2A-x3379a,C[C@H](Cc1cocn1)NC(=O)c1nn(C)c2ccccc12 |&1:1|,4.9657785438458255
A71EV2A-x3392a,O=C(NCCc1cocn1)N1CCc2ccccc21,5.162973800773931
A71EV2A-x3403a,Cn1cc2cccc(NC(=O)Cc3cocn3)c2n1,4.662403924407542
A71EV2A-x3408a,C=CS(=O)(=O)N1CCC[C@H](C(N)=O)C1 |&1:9|,5.1938200260161125
A71EV2A-x3410a,Cc1nn(C)c2cc(C(=O)NCCc3cocn3)ccc12,4.945173530861923
A71EV2A-x3417a,NC(=O)[C@H]1CCCN(C(=O)NCC2CC2)C1 |a:3|,5.064884396650843
A71EV2A-x3419a,Cn1nc(C(=O)NCCc2cocn2)c2ccccc2c1=O,5.170374765613669
A71EV2A-x3435a,O=C(NCCc1cocn1)c1ccccc1,5.093196163745395
A71EV2A-x3436a,Cn1ncc(C(=O)NCCc2cocn2)n1,5.5457146015143275
A71EV2A-x3450a,N#Cc1sccc1CC(=O)N1CCC[C@H](C(N)=O)C1 |a:14|,5.008444067750377
A71EV2A-x3480a,N#CCc1cccc(NC(=O)N2CCC[C@H](C(N)=O)C2)c1 |a:15|,5.356959172517914
A71EV2A-x3483a,COCc1ccccc1NC(=O)N1CCC[C@H](C(N)=O)C1 |a:16|,4.8164704643841505
A71EV2A-x3485a,COc1cccc(NC(=O)N2CCC[C@H](C(N)=O)C2)c1 |a:14|,4.956109291095229
A71EV2A-x3488a,COCC(=O)Nc1c(Cl)cc(C)cc1Oc1cccc(C(N)=O)c1,4.822657723022635
A71EV2A-x3489a,Cc1nc2n(c1CC(=O)N1CCC[C@H](C(N)=O)C1)CCCC2 |&1:13|,5.221581099702723
A71EV2A-x3509a,N#Cc1cccc(NC(=O)N2CCC[C@H](C(N)=O)C2)c1 |a:14|,5.1891284469127035
A71EV2A-x3509b,N#Cc1cccc(NC(=O)N2CCC[C@H](C(N)=O)C2)c1 |a:14|,5.1891284469127035
A71EV2A-x3510a,Cc1ccccc1NC(=O)N1CCC[C@H](C(N)=O)C1 |a:14|,4.386163320168128
A71EV2A-x3593a,C[C@H](Cc1cocn1)NC(=O)c1nn(C)c2ccccc12 |&1:1|,4.9657785438458255
A71EV2A-x3606a,Cn1ncc(-c2cc(Cl)cc(Cl)c2)c1CC(=O)N1CCC[C@H](C(N)=O)C1 |&1:21|,4.958377726777354
A71EV2A-x3612a,NC(=O)[C@H]1CCCN(C(=O)Nc2ccccc2F)C1 |a:3|,4.851286884122841
A71EV2A-x3616a,Cc1ccccc1CNC(=O)N1CCC[C@H](C(N)=O)C1 |a:15|,4.978810700930062
A71EV2A-x3616b,Cc1ccccc1CNC(=O)N1CCC[C@H](C(N)=O)C1 |a:15|,4.978810700930062
A71EV2A-x3621a,COc1ccccc1CC(=O)N1CC[C@@H](O)C1 |a:14|,4.951406063714552
A71EV2A-x3623a,Cc1cnc(CNS(=O)(=O)C[C@H](C)c2ccccc2)o1 |&1:11|,4.8184062698439085
A71EV2A-x3634a,"COc1ccccc1CC(=O)N1C[C@H](C)[C@@H](C(N)=O)C1 |&1:13,15|",5.303920706565589
A71EV2A-x3663a,COc1ccccc1CC(=O)N1CCO[C@@H](C(N)=O)C1 |a:15|,4.615695746966642
A71EV2A-x3665a,COc1ccccc1CC(=O)N1C[C@H](C(N)=O)CC(F)(F)C1 |&1:13|,5.41096889227547
A71EV2A-x3685a,COc1ccccc1CC(=O)N1CC[C@H](NC(N)=O)C1 |&1:14|,5.056011124926228
A71EV2A-x3694a,COc1ccccc1CC(=O)N1CC[C@H](CC(N)=O)C1 |&1:14|,5.055150304924533
A71EV2A-x3694b,COc1ccccc1CC(=O)N1CC[C@H](CC(N)=O)C1 |&1:14|,5.055150304924533
A71EV2A-x3706a,Cc1cccc(CNC(=O)N2CCC[C@H](C(N)=O)C2)c1 |a:14|,4.967584368389079
A71EV2A-x3706b,Cc1cccc(CNC(=O)N2CCC[C@H](C(N)=O)C2)c1 |a:14|,4.967584368389079
A71EV2A-x3521a,N#CC1CC(NC(=O)C2(c3ccc(Cl)cc3Cl)CCOCC2)C1,4.726469830785563
A71EV2A-x3521b,N#CC1CC(NC(=O)C2(c3ccc(Cl)cc3Cl)CCOCC2)C1,4.726469830785563
A71EV2A-x3522a,COCC(=O)Nc1c(Cl)cc(C)cc1OCc1ncccn1,4.858392228943246
A71EV2A-x3522b,COCC(=O)Nc1c(Cl)cc(C)cc1OCc1ncccn1,4.858392228943246
A71EV2A-x3546a,COc1ccc(F)cc1CC(=O)N1CCC[C@H](C(N)=O)C1 |a:16|,4.2094239507757765
A71EV2A-x3548a,COc1ccncc1CC(=O)N1CCC[C@H](C(N)=O)C1 |a:15|,4.7516996536545095
A71EV2A-x3550b,"COc1ccccc1CC(=O)N1C[C@H](C(N)=O)CC[C@@H]1C |&1:13,19|",4.411260481653311
A71EV2A-x3550a,"COc1ccccc1CC(=O)N1C[C@H](C(N)=O)CC[C@@H]1C |&1:13,19|",4.411260481653311
A71EV2A-x3556a,Cn1cc2c(CC(=O)N3CC[C@H](C(N)=O)C3)cccc2n1 |&1:11|,4.410050398674293
A71EV2A-x3557a,COc1ccc(CC(=O)N2CCC[C@H](C(N)=O)C2)c(OC)c1 |a:13|,4.635207042042172
A71EV2A-x3557b,COc1ccc(CC(=O)N2CCC[C@H](C(N)=O)C2)c(OC)c1 |a:13|,4.635207042042172
A71EV2A-x3564a,Cc1ccccc1NC(=O)c1cncc(C(N)=O)c1,4.632644078973981
A71EV2A-x3568a,Cc1ccc2c(C(=O)NCCc3cocn3)c[nH]c2c1,5.10808214227103
A71EV2A-x3571a,COc1ccccc1CC(=O)N1CCCC[C@H](C(N)=O)C1 |&1:16|,4.952204384072568
A71EV2A-x3571b,COc1ccccc1CC(=O)N1CCCC[C@H](C(N)=O)C1 |&1:16|,4.952204384072568
A71EV2A-x3849a,COc1ncccc1CC(=O)N1CCC[C@H](C(N)=O)C1 |o1:15|,4.939681121858298
A71EV2A-x3858a,COc1cccc(Cl)c1CC(=O)N1CCC[C@@H](C(N)=O)C1 |a:16|,4.620456050805198
A71EV2A-x3858b,COc1cccc(Cl)c1CC(=O)N1CCC[C@@H](C(N)=O)C1 |a:16|,4.620456050805198
A71EV2A-x3862a,COc1ccccc1[C@H](OC)C(=O)N1CCC[C@H](C(N)=O)C1 |o1:8|,5.523700643055132
A71EV2A-x3867a,Cc1ccccc1NC(=O)c1ccc(C)c(C(N)=O)c1,4.804100347590766
A71EV2A-x3869a,COc1ncccc1CC(=O)N1CCC[C@H](C(N)=O)C1 |o1:15|,4.939681121858298
A71EV2A-x3883a,COc1ccccc1[C@H](OC)C(=O)N1CCC[C@H](C(N)=O)C1 |o1:8|,5.523700643055132
A71EV2A-x3884a,COc1ccccc1[C@H](NC(=O)OC(C)(C)C)C(=O)N1CCC[C@H](C(N)=O)C1 |o1:8|,4.930769702637148
A71EV2A-x3884b,COc1ccccc1[C@H](NC(=O)OC(C)(C)C)C(=O)N1CCC[C@H](C(N)=O)C1 |o1:8|,4.930769702637148
A71EV2A-x3890a,COc1ccccc1[C@H](N)C(=O)N1CCC[C@H](C(N)=O)C1 |o1:8|,5.349983835684398
A71EV2A-x3895a,COc1ccccc1CN1C[C@H](C(N)=O)CC1=O |&1:11|,4.62709189585908
A71EV2A-x3901a,COc1ccccc1CC(=O)N1CCN[C@H](C(N)=O)C1 |&1:15|,5.622664040174432
A71EV2A-x3908a,Cc1cccc(N(CC(=O)N2CCCCC2)C(=O)N2CCC[C@H](C(N)=O)C2)c1 |a:22|,4.627087997029894
A71EV2A-x3914a,Cn1cc2c(CC(=O)N3CCC[C@H](C(N)=O)C3)cccc2n1 |o1:12|,4.405607449624573
A71EV2A-x3936a,"COC[C@]1(C(=O)N2CCC[C@H](C(N)=O)C2)CCCCO1 |&1:3,&2:10|",6.0
A71EV2A-x3937a,"CO[C@H](C(=O)N1CCC[C@H](C(N)=O)C1)c1cccnc1 |&1:2,&2:9|",4.227015096629662
A71EV2A-x3939a,CO[C@H](C(=O)N1CCC[C@H](C(N)=O)C1)c1ccccc1C |&1:2|,4.928117992693875
A71EV2A-x3940a,COc1ccc(Cl)cc1CC(=O)N1CCC[C@H](C(N)=O)C1 |a:16|,4.727236212379233
A71EV2A-x3942a,COc1cccc(Cl)c1CC(=O)N1CCC[C@H](C(N)=O)C1 |a:16|,4.78560502978966
A71EV2A-x3944a,CCN(CC1CC1)C(=O)c1cccc(CC(=O)N2CCC[C@H](C(N)=O)C2)c1 |a:21|,4.908336601699183
A71EV2A-x3954a,COc1ccc2c(n1)[C@H](C(=O)N1CCC[C@H](C(N)=O)C1)CC2 |&1:8|,4.452380443994761
A71EV2A-x3956a,COc1ccccc1CCN1C[C@H](C(N)=O)CC1=O |&1:12|,5.044970753420985
A71EV2A-x3968a,NC(=O)[C@H]1CCCN(C(=O)[C@H](OCC2CCCC2)c2ccccc2)C1 |&1:10|,5.5670035086585905
A71EV2A-x3975a,NC(=O)[C@H]1CCCN(C(=O)[C@H](CN2CCCC2)c2ccccc2)C1 |&1:10|,5.024630533433036
A71EV2A-x3977a,COc1ccccc1CC(=O)N(C)CCC(N)=O,4.935542010773082
A71EV2A-x3977b,COc1ccccc1CC(=O)N(C)CCC(N)=O,4.935542010773082
A71EV2A-x3982a,NC(=O)[C@H]1CCCN(C(=O)C(c2ccccc2)c2ccccc2)C1 |a:3|,5.179858685151659
A71EV2A-x3986a,NC(=O)[C@H]1CCCN(C(=O)[C@H](Sc2ccccc2)c2ccccc2)C1 |&1:10|,5.135488918941608
A71EV2A-x3986b,NC(=O)[C@H]1CCCN(C(=O)[C@H](Sc2ccccc2)c2ccccc2)C1 |&1:10|,5.135488918941608
A71EV2A-x3989a,NC(=O)[C@H]1CCN(C(=O)Cc2cc(C(F)(F)F)ccc2Cl)C1 |&1:3|,5.04901488179868
A71EV2A-x3990a,"COc1ccccc1CC(=O)N1C[C@H](C(N)=O)[C@@H](C(F)(F)F)C1 |&1:13,17|",5.110698297493689
A71EV2A-x3992a,COc1cccc(Cl)c1NC(=O)N1CC[C@H](C(N)=O)C1 |a:15|,4.612119831707907
A71EV2A-x3992b,COc1cccc(Cl)c1NC(=O)N1CC[C@H](C(N)=O)C1 |a:15|,4.612119831707907
A71EV2A-x3993a,"COc1cccc(Cl)c1CC(=O)N1C[C@H](C(N)=O)C[C@H](C(=O)NC2CC2)C1 |o1:14,19|",4.899323290233971
A71EV2A-x3993b,"COc1cccc(Cl)c1CC(=O)N1C[C@H](C(N)=O)C[C@H](C(=O)NC2CC2)C1 |o1:14,19|",4.899323290233971
A71EV2A-x4018a,COc1ccccc1CC(=O)N1CCC[C@H](C(N)=O)CC1 |&1:15|,4.952188702489189
A71EV2A-x4018b,COc1ccccc1CC(=O)N1CCC[C@H](C(N)=O)CC1 |&1:15|,4.952188702489189
A71EV2A-x4020a,Cc1cccc(CC(=O)N2CCC[C@H](C(N)=O)C2)c1 |&1:13|,4.290127690297292
A71EV2A-x4020b,Cc1cccc(CC(=O)N2CCC[C@H](C(N)=O)C2)c1 |&1:13|,4.290127690297292
A71EV2A-x4028a,COc1ccc(C(F)(F)F)cc1CC(=O)N1CCC[C@H](C(N)=O)C1 |a:19|,4.449959375475284
A71EV2A-x4029a,COc1ccccc1CN1C[C@H](C(N)=O)CCC1=O |&1:11|,4.956855685489159
A71EV2A-x4031a,COc1ncccc1NC(=O)N1CCC[C@H](C(N)=O)C1 |a:15|,4.487273331768478
A71EV2A-x4031b,COc1ncccc1NC(=O)N1CCC[C@H](C(N)=O)C1 |a:15|,4.487273331768478
A71EV2A-x4032a,COc1ccccc1CC(=O)N1CC[C@H](CC(N)=O)C1 |&1:14|,5.055150304924533
A71EV2A-x4032b,COc1ccccc1CC(=O)N1CC[C@H](CC(N)=O)C1 |&1:14|,5.055150304924533
A71EV2A-x4035a,COc1cccc(Cl)c1NC(=O)N1CCC[C@H](C(N)=O)C1 |a:16|,4.465918205168407
A71EV2A-x4035b,COc1cccc(Cl)c1NC(=O)N1CCC[C@H](C(N)=O)C1 |a:16|,4.465918205168407
A71EV2A-x4202a,NC(=O)[C@H]1CCCN(C(=O)[C@H]2CCc3cccc(Br)c32)C1 |&1:10|,4.479401524821051
A71EV2A-x4202b,NC(=O)[C@H]1CCCN(C(=O)[C@H]2CCc3cccc(Br)c32)C1 |&1:10|,4.479401524821051
A71EV2A-x4290a,CSc1c(Br)cccc1CC(=O)N1CCC[C@H](C(N)=O)C1 |a:16|,4.472492797097293
A71EV2A-x4291a,Cc1cc(C)c(CC(=O)N2CCC[C@H](C(N)=O)C2)c(=O)[nH]1 |a:13|,4.306273051076353
A71EV2A-x4295a,"COc1ccccc1[C@H](O)CN1C[C@H](C(N)=O)CC1=O |&1:8,&2:13|",5.276902343492681
A71EV2A-x4298a,COc1cccc(NC(=O)N2CCC[C@H](C(N)=O)C2)n1 |a:14|,5.072431269429168
A71EV2A-x4305a,CC(C)Oc1ccccc1NC(=O)N1CCC[C@H](C(N)=O)C1 |a:17|,4.877787213913532
A71EV2A-x4306a,NC(=O)[C@H]1CCCN(C(=O)Nc2ccccc2OCC(F)(F)F)C1 |a:3|,5.15661038833037
A71EV2A-x4308a,NC(=O)[C@H]1CCCN(C(=O)Nc2cc3c(cc2Cl)OCO3)C1 |a:3|,4.6271423700874985
A71EV2A-x4309a,CCS(=O)(=O)c1ccc(OC)c(NC(=O)N2CCC[C@H](C(N)=O)C2)c1 |a:19|,4.09366495819491
A71EV2A-x4309b,CCS(=O)(=O)c1ccc(OC)c(NC(=O)N2CCC[C@H](C(N)=O)C2)c1 |a:19|,4.09366495819491
A71EV2A-x4310a,COc1c(NC(=O)N2CCC[C@H](C(N)=O)C2)cccc1C(F)(F)F |a:11|,5.032452023781138
A71EV2A-x4310b,COc1c(NC(=O)N2CCC[C@H](C(N)=O)C2)cccc1C(F)(F)F |a:11|,5.032452023781138
A71EV2A-x4311a,CC(C)(C)c1ccccc1NC(=O)N1CCC[C@H](C(N)=O)C1 |a:17|,4.916961547867879
A71EV2A-x4312a,NC(=O)[C@H]1CC(=O)N(Cc2cccc3c2OCC3)C1 |&1:3|,5.0762380391713
A71EV2A-x4313a,"COc1ccccc1[C@H](C)CN1C[C@H](C(N)=O)CC1=O |&1:8,&2:13|",4.917407524166997
A71EV2A-x4316a,"COc1cccc2c1CC[C@H]2N1C[C@H](C(N)=O)CCC1=O |&1:10,&2:13|",4.789637072991269
A71EV2A-x4319a,NC(=O)[C@H]1CCCN(C(=O)Cc2ccccc2OC(F)F)C1 |a:3|,4.2296663664747784
A71EV2A-x4320a,NC(=O)[C@H]1CCCN(C(=O)Cc2ccc3c(c2)CCC(=O)N3)C1 |a:3|,4.349692476868063
A71EV2A-x4321a,N#CCc1ccccc1CC(=O)N1CCC[C@H](C(N)=O)C1 |a:16|,5.101757238648579
A71EV2A-x4321b,N#CCc1ccccc1CC(=O)N1CCC[C@H](C(N)=O)C1 |a:16|,5.101757238648579
A71EV2A-x4322a,CC(=O)Nc1ccccc1CC(=O)N1CCC[C@H](C(N)=O)C1 |a:17|,4.265200170411153
A71EV2A-x4334a,CSc1cccc(CC(=O)N2CCC[C@H](C(N)=O)C2)c1 |a:14|,4.1650303504723505
A71EV2A-x4334b,CSc1cccc(CC(=O)N2CCC[C@H](C(N)=O)C2)c1 |a:14|,4.1650303504723505
A71EV2A-x4336a,NC(=O)[C@H]1CCCN(C(=O)Cc2cccc(Cl)c2Cl)C1 |a:3|,4.065026720650614
A71EV2A-x4341a,NC(=O)[C@H]1CCCN(C(=O)Cc2cccc3sccc23)C1 |a:3|,3.9387751065420744
A71EV2A-x4344a,NC(=O)[C@H]1CCCN(C(=O)Cc2cccc3c2CCC3)C1 |a:3|,3.9502403164313624
A71EV2A-x4347a,COc1ncccc1CC(=O)N1CCC[C@H](C(N)=O)C1 |a:15|,4.286509456906058
A71EV2A-x4351a,NC(=O)C[C@H]1CCCN(c2ncnc3ccccc23)C1 |&1:4|,4.959254335737151
A71EV2A-x4368a,COCc1ccccc1CC(=O)N1CCC[C@H](C(N)=O)C1 |a:16|,4.576757218249551
A71EV2A-x4372a,NC(=O)[C@H]1CCCN(C(=O)Cc2cccnc2O)C1 |a:3|,5.153756287657022
A71EV2A-x4374a,NC(=O)[C@H]1CCCN(C(=O)Cc2ccccc2CO)C1 |a:3|,4.345773777137761
A71EV2A-x4374b,NC(=O)[C@H]1CCCN(C(=O)Cc2ccccc2CO)C1 |a:3|,4.345773777137761
A71EV2A-x4381a,NC(=O)[C@H]1CCCN(C(=O)Cc2cc(C(F)(F)F)ccc2C(F)(F)F)C1 |a:3|,3.806800765395556
A71EV2A-x4203a,COc1cc(Cl)ccc1CC(=O)N1CCC[C@H](C(N)=O)C1 |a:16|,4.018634490921456
A71EV2A-x4207a,COc1ccccc1[C@H](NC(C)=O)C(=O)N1CCC[C@H](C(N)=O)C1 |o1:8|,5.238439218136987
A71EV2A-x4207b,COc1ccccc1[C@H](NC(C)=O)C(=O)N1CCC[C@H](C(N)=O)C1 |o1:8|,5.238439218136987
A71EV2A-x4209a,COc1cccc(Cl)c1CC(=O)N1CCC[C@H](C(N)=O)C1 |o1:16|,4.37828501116997
A71EV2A-x4214a,COc1ccccc1S(=O)(=O)N1CCC[C@H](C(N)=O)C1 |a:15|,5.161780778092374
A71EV2A-x4214b,COc1ccccc1S(=O)(=O)N1CCC[C@H](C(N)=O)C1 |a:15|,5.161780778092374
A71EV2A-x4237a,NC(=O)[C@H]1CCCN(C(=O)[C@H](Cc2ccc(F)cc2)c2ccccc2)C1 |&1:10|,5.478592246479633
A71EV2A-x4237b,NC(=O)[C@H]1CCCN(C(=O)[C@H](Cc2ccc(F)cc2)c2ccccc2)C1 |&1:10|,5.478592246479633
A71EV2A-x4237c,NC(=O)[C@H]1CCCN(C(=O)[C@H](Cc2ccc(F)cc2)c2ccccc2)C1 |&1:10|,5.478592246479633
A71EV2A-x4237d,NC(=O)[C@H]1CCCN(C(=O)[C@H](Cc2ccc(F)cc2)c2ccccc2)C1 |&1:10|,5.478592246479633
A71EV2A-x4239a,"COc1cccc(Cl)c1CC(=O)N1C[C@H](C(N)=O)[C@H]2CCC[C@H]21 |&1:14,&2:18,22|",4.819608655063361
A71EV2A-x4260a,NC(=O)[C@H]1CCCN(C(=O)[C@H]2CCOc3ccc(Cl)cc32)C1 |&1:10|,5.28547334915742
A71EV2A-x4274a,COc1cccnc1CN1CCC[C@H](C(N)=O)C1 |a:13|,5.576653344896242
A71EV2A-x4274b,COc1cccnc1CN1CCC[C@H](C(N)=O)C1 |a:13|,5.576653344896242
A71EV2A-x4283a,COc1cccnc1CC(=O)N1CCC[C@H](C(N)=O)C1 |a:15|,4.648165195719463
A71EV2A-x4283b,COc1cccnc1CC(=O)N1CCC[C@H](C(N)=O)C1 |a:15|,4.648165195719463
A71EV2A-x4386a,CSc1ccccc1CC(=O)N1CCC[C@H](C(N)=O)C1 |a:15|,5.393063563669464
A71EV2A-x4388a,COc1ncc(Br)cc1CC(=O)N1CCC[C@H](C(N)=O)C1 |a:16|,4.832067775571805
A71EV2A-x4402a,Cc1cccc(N2CCCN(CCC(N)=O)C2=O)c1,4.9115465169214945
A71EV2A-x4403a,NC(=O)[C@H]1CCCN(C(=O)Cc2ccccc2CS(N)(=O)=O)C1 |a:3|,4.135380979941972
A71EV2A-x4406a,"COc1ccccc1[C@H](O)CN1C[C@H](C(N)=O)CCC1=O |&1:8,&2:13|",5.212129340035951
A71EV2A-x4409a,"NC(=O)[C@H]1CCC(=O)N(C[C@H]2CCOc3ccccc32)C1 |&1:3,&2:10|",4.620443689892642
A71EV2A-x4416a,"NC(=O)[C@H]1CCCN(C(=O)[C@]2(Cc3ccc(F)cc3)CCCCO2)C1 |&1:3,&2:10|",4.609064892896621
A71EV2A-x4418a,COc1ncccc1NC(=O)N1CC[C@H](C(N)=O)C1 |a:14|,4.618016608302379
A71EV2A-x4426a,C#C[C@H](NCCc1cocn1)c1nn(C)c2ccccc12 |&1:2|,4.716801953096995
A71EV2A-x4429a,COc1ccc(C(F)(F)F)cc1NC(=O)N1CCC[C@H](C(N)=O)C1 |a:19|,4.069229199277436
A71EV2A-x4431a,CSc1ccc(Br)cc1CC(=O)N1CCC[C@H](C(N)=O)C1 |a:16|,6.504803930407411
A71EV2A-x4445a,COc1ccccc1[C@H](C)C(=O)N1CCC[C@H](C(N)=O)C1 |o1:8|,5.415903931859735
A71EV2A-x4445b,COc1ccccc1[C@H](C)C(=O)N1CCC[C@H](C(N)=O)C1 |o1:8|,5.415903931859735
A71EV2A-x4447a,Cn1cnc2c(NC(=O)N3CCC[C@H](C(N)=O)C3)cccc21 |a:13|,5.398637148380375
A71EV2A-x4447b,Cn1cnc2c(NC(=O)N3CCC[C@H](C(N)=O)C3)cccc21 |a:13|,5.398637148380375
A71EV2A-x4449a,COc1ccccc1[C@H](NC(C)=O)C(=O)N1CCC[C@H](C(N)=O)C1 |o1:8|,5.238439218136987
A71EV2A-x4449b,COc1ccccc1[C@H](NC(C)=O)C(=O)N1CCC[C@H](C(N)=O)C1 |o1:8|,5.238439218136987
A71EV2A-x4451a,NC(=O)[C@H]1CCCN(C(=O)[C@H](c2ccccc2)n2cccn2)C1 |&1:10|,4.869666231504994
A71EV2A-x4451b,NC(=O)[C@H]1CCCN(C(=O)[C@H](c2ccccc2)n2cccn2)C1 |&1:10|,4.869666231504994
A71EV2A-x4456a,NC(=O)[C@H]1CCCN(C(=O)[C@H]2CCc3cccc(O)c32)C1 |&1:10|,5.148337017678052
A71EV2A-x4456b,NC(=O)[C@H]1CCCN(C(=O)[C@H]2CCc3cccc(O)c32)C1 |&1:10|,5.148337017678052
A71EV2A-x4461a,NC(=O)[C@H]1CCCN(C(=O)Cc2ccncc2Cl)C1 |a:3|,5.18523404082538
A71EV2A-x4463a,NC(=O)[C@H]1CCCN(C(=O)Cc2cccc3nsnc23)C1 |a:3|,4.492392502728005
A71EV2A-x4464a,Cc1ncnc(C)c1CC(=O)N1CCC[C@H](C(N)=O)C1 |a:15|,3.654064344980796
A71EV2A-x4472a,NC(=O)[C@H]1CCCN(C(=O)[C@H]2CCc3snnc32)C1 |&1:10|,4.667561540084395
A71EV2A-x4476a,"COc1ccccc1CC(=O)N1C[C@]2(C(N)=O)CC[C@H]1C2 |a:13,19|",4.6216971581255635
A71EV2A-x4510a,C[C@H](C(=O)N1CCC[C@H](C(N)=O)C1)c1cn(C)nc1C(F)(F)F |&1:1|,4.462842099070634
A71EV2A-x4514a,NC(=O)[C@H]1CCCN(C(=O)C2(c3ccoc3)CCC2)C1 |a:3|,4.618930913825583
A71EV2A-x4519a,NC(=O)[C@H]1CCCN(C(=O)Cc2ncc3ccc(Br)cn23)C1 |a:3|,4.424218724311264
A71EV2A-x4519b,NC(=O)[C@H]1CCCN(C(=O)Cc2ncc3ccc(Br)cn23)C1 |a:3|,4.424218724311264
A71EV2A-x4524a,COc1cccc(NC(=O)N2CCC[C@H](C(N)=O)C2)c1Cl |a:14|,4.612661045864782
A71EV2A-x4540a,NC(=O)[C@H]1CCCN(C(=O)Cn2cc(Br)cc(Cl)c2=O)C1 |a:3|,3.7253509633996433
A71EV2A-x4547a,Cn1nc(CN2C[C@H](C(N)=O)CCC2=O)c2ccccc21 |&1:7|,5.116903441948165
A71EV2A-x4554a,COc1cccc(SC)c1NC(=O)N1CCC[C@H](C(N)=O)C1 |a:17|,5.161195917717353
A71EV2A-x4571a,C[C@H](C(=O)N1CCC[C@H](C(N)=O)C1)c1cn(C)nc1C(F)(F)F |&1:1|,4.462842099070634
A71EV2A-x4575a,NC(=O)[C@H]1CCCN(C(=O)C2(c3ccoc3)CCC2)C1 |a:3|,4.618930913825583
A71EV2A-x4580a,NC(=O)[C@H]1CCCN(C(=O)Cc2ncc3ccc(Br)cn23)C1 |a:3|,4.424218724311264
A71EV2A-x4580b,NC(=O)[C@H]1CCCN(C(=O)Cc2ncc3ccc(Br)cn23)C1 |a:3|,4.424218724311264
A71EV2A-x4583a,CN1c2ccccc2C[C@H]1C(=O)N1CCC[C@H](C(N)=O)C1 |&1:9|,4.598941671349912
A71EV2A-x4583b,CN1c2ccccc2C[C@H]1C(=O)N1CCC[C@H](C(N)=O)C1 |&1:9|,4.598941671349912
A71EV2A-x4596a,NC(=O)[C@H]1CCC(=O)N(Cc2ccc3cc[nH]c3c2)C1 |&1:3|,4.611743840379951
A71EV2A-x4596c,NC(=O)[C@H]1CCC(=O)N(Cc2ccc3cc[nH]c3c2)C1 |&1:3|,4.611743840379951
A71EV2A-x4596b,NC(=O)[C@H]1CCC(=O)N(Cc2ccc3cc[nH]c3c2)C1 |&1:3|,4.611743840379951
A71EV2A-x4606a,NC(=O)[C@H]1CCCN(C(=O)[C@H]2SCc3cccnc32)C1 |&1:10|,4.60382166833978
A71EV2A-x4606b,NC(=O)[C@H]1CCCN(C(=O)[C@H]2SCc3cccnc32)C1 |&1:10|,4.60382166833978
A71EV2A-x4608a,Cn1cc2c(n1)CCC[C@H]2C(=O)N1CCC[C@H](C(N)=O)C1 |&1:9|,3.7495909235288316
A71EV2A-x4654a,NC(=O)[C@H]1CCCN(C(=O)Nc2cccc3c2S(=O)(=O)CCC3)C1 |a:3|,4.616184634019569
A71EV2A-x4656a,NC(=O)[C@H]1CCCN(C(=O)Nc2ccccc2SC(F)F)C1 |a:3|,4.325140144305149
A71EV2A-x4661a,"COc1ccccc1[C@H](C)N1C[C@H](C(N)=O)CCC1=O |&1:8,&2:12|",5.565980102355844
A71EV2A-x4669a,NC(=O)[C@H]1CCCN(C(=O)Cc2cc3c(cc2Cl)OCCO3)C1 |a:3|,4.037176387439713
A71EV2A-x4669b,NC(=O)[C@H]1CCCN(C(=O)Cc2cc3c(cc2Cl)OCCO3)C1 |a:3|,4.037176387439713
A71EV2A-x4670a,CSc1cccc(Br)c1CC(=O)N1CCC[C@H](C(N)=O)C1 |a:16|,5.23959580735841
A71EV2A-x4674a,NC(=O)[C@H]1CCCN(C(=O)Nc2cccc3c2SCCC3)C1 |a:3|,4.5141394746468695
A71EV2A-x4674b,NC(=O)[C@H]1CCCN(C(=O)Nc2cccc3c2SCCC3)C1 |a:3|,4.5141394746468695
A71EV2A-x4674c,NC(=O)[C@H]1CCCN(C(=O)Nc2cccc3c2SCCC3)C1 |a:3|,4.5141394746468695
A71EV2A-x4675a,CS(=O)(=O)c1ccccc1CC(=O)N1CCC[C@H](C(N)=O)C1 |a:17|,4.018181392829336
A71EV2A-x4684a,CSc1ccccc1N(C)C(=O)N1CC[C@H](C(N)=O)C1 |a:15|,4.640164517660112
A71EV2A-x4689a,CSc1cnccc1CC(=O)N1CCC[C@H](C(N)=O)C1 |a:15|,4.407893372233542
A71EV2A-x4694a,CSc1ccccc1CN1C[C@H](C(N)=O)CCC1=O |o1:11|,4.6439741428068775
A71EV2A-x4701a,CSCC1(CC(=O)N2CCC[C@H](C(N)=O)C2)CC1 |a:11|,4.0270354434741735
A71EV2A-x4703a,CSc1cn(C)nc1NC(=O)N1CCC[C@H](C(N)=O)C1 |a:15|,3.761033004441306
A71EV2A-x4706a,NC(=O)[C@H]1CCCN(C(=O)C2CCSCC2)C1 |a:3|,4.603800652904264
A71EV2A-x4707a,NC(=O)[C@H]1CCCN(C(=O)CC2CSC2)C1 |a:3|,4.607306606035202
A71EV2A-x4708a,NC(=O)[C@H]1CCCN(C(=O)C2(O)CCSCC2)C1 |a:3|,4.388276691992658
A71EV2A-x4710a,CSc1cccc(CN2C[C@H](C(N)=O)CCC2=O)c1 |o1:10|,4.610891805164698
A71EV2A-x4712a,CSc1ccccc1N(C)C(=O)N1CCC[C@H](C(N)=O)C1 |a:16|,4.601955140820748
A71EV2A-x4721a,CSc1ccccc1CC(=O)N1CCNC(=O)C1,4.006123085058789
A71EV2A-x4724a,CSc1ccccc1CC(=O)N1CCC(F)(F)[C@H](C(N)=O)C1 |&1:17|,4.92096962924201
A71EV2A-x4727a,CSc1c(NC(=O)N2CCC[C@H](C(N)=O)C2)c(C)nn1C |a:11|,4.6073172842698655
A71EV2A-x4735a,CSc1ccccc1CC(=O)N1CCC[C@H]1c1cnc[nH]1 |&1:15|,4.853871964321762
A71EV2A-x4736a,"CSC[C@H]1C[C@H]1C(=O)N1CCC[C@H](C(N)=O)C1 |&1:3,5|",4.808721339045607
A71EV2A-x4739a,"CSc1ccccc1CC(=O)N1CC[C@H]2[C@H](C1)[C@H]2C(N)=O |&1:14,&2:15,&3:17|",4.558200508454535
A71EV2A-x4745a,CSc1ccccc1CC(=O)N1CCC[C@H](S(N)(=O)=O)C1 |&1:15|,4.603800652904264
A71EV2A-x4746a,CSc1ccccc1CC(=O)N1CCC[C@H](C(F)F)C1 |&1:15|,3.883316455303125
A71EV2A-x4751a,CSc1ccccc1CC(=O)N1CCC[C@H](CF)C1 |&1:15|,4.015189894778023
A71EV2A-x4753a,CSc1ccccc1CC(=O)N1CCC[C@](F)(C(N)=O)C1 |&1:15|,3.8397825513691886
A71EV2A-x4774a,CSc1nccnc1CC(=O)N1CCC[C@H](C(N)=O)C1 |a:15|,4.781195179900988
A71EV2A-x4778a,COc1ccc(C(F)(F)F)cc1CC(=O)N1CCS[C@H](C(N)=O)C1 |o1:19|,4.828494707777949
A71EV2A-x4784a,NC(=O)[C@H]1CCCN(C(=O)C[C@H]2CSCCS2)C1 |&1:11|,4.617982957425132
A71EV2A-x4791a,"CSc1ccccc1CC(=O)N1CCC[C@H]2C(=O)NC[C@H]21 |&1:15,20|",4.035167674220528
A71EV2A-x4794a,CSc1ccccc1CC(=O)N1CCC[C@H](O)C1 |&1:15|,4.0254883072626715
A71EV2A-x4798a,CSc1ccccc1CC(=O)N1CC[C@](O)(c2c[nH]nn2)C1 |&1:14|,4.017390444950877
A71EV2A-x4809a,CSc1ccccc1CC(=O)N1CCC[C@H](CCO)C1 |&1:15|,3.7794804346789226
A71EV2A-x4812a,CSc1cncnc1CC(=O)N1CCC[C@H](C(N)=O)C1 |a:15|,4.176969771296364
A71EV2A-x4824a,CSc1ccccc1OC(=O)N1CCC[C@H](C(N)=O)C1 |a:15|,5.8268386347140675
A71EV2A-x4824b,CSc1ccccc1OC(=O)N1CCC[C@H](C(N)=O)C1 |a:15|,5.8268386347140675
A71EV2A-x4826a,CSc1ccncc1NC(=O)N1CCC[C@H](C(N)=O)C1 |a:15|,5.452530294347775
A71EV2A-x4826b,CSc1ccncc1NC(=O)N1CCC[C@H](C(N)=O)C1 |a:15|,5.452530294347775
A71EV2A-x4827a,CSc1ccncc1CC(=O)N1CCC[C@H](C(N)=O)C1 |a:15|,5.534026193176526
A71EV2A-x4827b,CSc1ccncc1CC(=O)N1CCC[C@H](C(N)=O)C1 |a:15|,5.534026193176526
A71EV2A-x4829a,COc1ccc(Cl)cc1OC(=O)N1CCC[C@H](C(N)=O)C1 |a:16|,5.262803072736122
A71EV2A-x4829b,COc1ccc(Cl)cc1OC(=O)N1CCC[C@H](C(N)=O)C1 |a:16|,5.262803072736122
A71EV2A-x4840a,NC(=O)c1ccccc1CC(=O)N1CCC[C@H](C(N)=O)C1 |a:16|,3.660111973943557
A71EV2A-x4843a,COc1ccc(C(F)(F)F)cc1N(C)C(=O)N1CCC[C@H](C(N)=O)C1 |a:20|,4.561127532480804
A71EV2A-x4845a,COc1cc(Br)c(CC(=O)N2CCC[C@H](C(N)=O)C2)cc1OC |a:14|,3.7202298309212716
A71EV2A-x4851a,CSc1c(F)cccc1NC(=O)N1CCC[C@H](C(N)=O)C1 |a:16|,4.319967775442991
A71EV2A-x4856a,CSc1ccc(Br)cc1CC(=O)N1CC[C@H](C(N)=O)C1 |a:15|,4.166573738364501
A71EV2A-x4873a,COc1cccc(NC(=O)N2CCC[C@H](C(N)=O)C2)c1Cl |a:14|,4.612661045864782
A71EV2A-x4873b,COc1cccc(NC(=O)N2CCC[C@H](C(N)=O)C2)c1Cl |a:14|,4.612661045864782
A71EV2A-x4883a,CSc1ncccc1NC(=O)N1CCC[C@H](C(N)=O)C1 |a:15|,4.2209855861319525
A71EV2A-x4883b,CSc1ncccc1NC(=O)N1CCC[C@H](C(N)=O)C1 |a:15|,4.2209855861319525
A71EV2A-x4885a,"CSc1ccccc1CC(=O)N1C[C@H](C)C[C@H](C(N)=O)C1 |&1:13,&2:16|",4.1315895194873935
A71EV2A-x4885b,"CSc1ccccc1CC(=O)N1C[C@H](C)C[C@H](C(N)=O)C1 |&1:13,&2:16|",4.1315895194873935
A71EV2A-x4894a,CSc1ccccc1CC(=O)N1CCC[C@](O)(C(N)=O)C1 |&1:15|,3.955966436496336
A71EV2A-x4895a,C[C@H](C(=O)N1CCC[C@H](C(N)=O)C1)c1nc(F)ccc1Cl |&1:1|,4.277445359017488
A71EV2A-x4895b,C[C@H](C(=O)N1CCC[C@H](C(N)=O)C1)c1nc(F)ccc1Cl |&1:1|,4.277445359017488
A71EV2A-x4899a,COc1ncccc1NS(=O)(=O)N1CCC[C@H](C(N)=O)C1 |a:16|,4.601213898998983
A71EV2A-x4899b,COc1ncccc1NS(=O)(=O)N1CCC[C@H](C(N)=O)C1 |a:16|,4.601213898998983
A71EV2A-x4903a,COc1ccc(Cl)cc1OC(=O)N1CCC[C@H](C(N)=O)C1 |a:16|,5.262803072736122
A71EV2A-x4903b,COc1ccc(Cl)cc1OC(=O)N1CCC[C@H](C(N)=O)C1 |a:16|,5.262803072736122
A71EV2A-x4914a,CSc1cccnc1CC(=O)N1CCC[C@H](C(N)=O)C1 |a:15|,5.097431091411007
A71EV2A-x4918a,CSc1ncccc1CC(=O)N1CCC[C@H](C(N)=O)C1 |a:15|,5.072700933344527
A71EV2A-x4922a,CSc1ccccc1N1C[C@H](C(N)=O)CCC1=O |o1:10|,4.6020599913279625
A71EV2A-x4924a,NC(=O)[C@H]1CCC(=O)N(Cc2cccc(F)c2)C1 |&1:3|,4.255233465290414
A71EV2A-x4963a,COC[C@]12C[C@@](C(N)=O)(CN1C(=O)Cc1ccccc1OC)C2 |o1:3|,4.028724151261895
A71EV2A-x4963b,COC[C@]12C[C@@](C(N)=O)(CN1C(=O)Cc1ccccc1OC)C2 |o1:3|,4.028724151261895
A71EV2A-x4974a,Cn1ncc2ccc(CN3C[C@H](C(N)=O)CCC3=O)cc21 |o1:11|,4.026655009457717
A71EV2A-x4977a,CSc1ccc2ncccc2c1NC(=O)N1CCC[C@H](C(N)=O)C1 |a:19|,6.128863936621021
A71EV2A-x4977b,CSc1ccc2ncccc2c1NC(=O)N1CCC[C@H](C(N)=O)C1 |a:19|,6.128863936621021
A71EV2A-x4979a,NC(=O)[C@H]1CCCN(C(=O)Cc2ncncc2Cl)C1 |a:3|,4.03673794170959
A71EV2A-x4979b,NC(=O)[C@H]1CCCN(C(=O)Cc2ncncc2Cl)C1 |a:3|,4.03673794170959
A71EV2A-x4986a,CSc1ccc(N2CCCC2=O)cc1NC(=O)N1CCC[C@H](C(N)=O)C1 |a:21|,5.0622764945153795
A71EV2A-x4986b,CSc1ccc(N2CCCC2=O)cc1NC(=O)N1CCC[C@H](C(N)=O)C1 |a:21|,5.0622764945153795
A71EV2A-x4935a,CSc1cscc1CC(=O)N1CCC[C@H](C(N)=O)C1 |a:14|,5.073475651835252
A71EV2A-x4940a,CSc1ccccc1CC(=O)N1CCC[C@](O)(C(N)=O)C1 |&1:15|,3.955966436496336
A71EV2A-x4943a,NC(=O)[C@H]1CCCN(C(=O)[C@H]2CCSc3ccccc32)C1 |o1:10|,4.826813731587726
A71EV2A-x4943b,NC(=O)[C@H]1CCCN(C(=O)[C@H]2CCSc3ccccc32)C1 |o1:10|,4.826813731587726
A71EV2A-x4954a,CCc1ccsc1CN1C[C@H](C(N)=O)CCC1=O |&1:10|,4.668737062060432
A71EV2A-x4992a,"Cn1cc(CC(=O)N2C[C@H](C(N)=O)C[C@@H]3C[C@@H]32)cn1 |&1:9,14,16|",4.608000737058194
A71EV2A-x4994a,Cn1nc(CC(=O)N2CC(C(N)=O)C2)c2ccccc21,4.610833915635467
A71EV2A-x5015a,C=Cc1cccc(CC(=O)N2CCC[C@H](C(N)=O)C2)n1 |a:14|,5.099072631333438
A71EV2A-x5015b,C=Cc1cccc(CC(=O)N2CCC[C@H](C(N)=O)C2)n1 |a:14|,5.099072631333438
A71EV2A-x5022a,CSc1nc2c(cc1NC(=O)N1CCC[C@H](C(N)=O)C1)CCCC2 |a:15|,4.217527375833714
A71EV2A-x5022b,CSc1nc2c(cc1NC(=O)N1CCC[C@H](C(N)=O)C1)CCCC2 |a:15|,4.217527375833714
A71EV2A-x5036a,COc1cccc(CN2C[C@H](C(N)=O)CCC2=O)c1 |&1:10|,4.608183969818477
A71EV2A-x5036b,COc1cccc(CN2C[C@H](C(N)=O)CCC2=O)c1 |&1:10|,4.608183969818477
A71EV2A-x5039a,CSc1ncncc1CC(=O)N1CCC[C@H](C(N)=O)C1 |a:15|,5.186217598084144
A71EV2A-x5039b,CSc1ncncc1CC(=O)N1CCC[C@H](C(N)=O)C1 |a:15|,5.186217598084144
A71EV2A-x5052a,NC(=O)[C@H]1CCC(=O)N([C@@H]2CCCc3ccccc32)C1 |o1:3|,4.5934598195660445
A71EV2A-x5079a,NC(=O)[C@H]1CCCN(C(=O)Cc2cccnc2Cl)C1 |a:3|,3.43690985073048
A71EV2A-x5079b,NC(=O)[C@H]1CCCN(C(=O)Cc2cccnc2Cl)C1 |a:3|,3.43690985073048
A71EV2A-x5081a,NC(=O)[C@H]1CCCN(C(=O)Cc2cncnc2Cl)C1 |a:3|,4.037630664329979
A71EV2A-x5081b,NC(=O)[C@H]1CCCN(C(=O)Cc2cncnc2Cl)C1 |a:3|,4.037630664329979
A71EV2A-x5082a,N#Cc1cccc(CC(=O)N2CCC[C@H](C(N)=O)C2)n1 |a:14|,4.625197671079573
A71EV2A-x5082b,N#Cc1cccc(CC(=O)N2CCC[C@H](C(N)=O)C2)n1 |a:14|,4.625197671079573
A71EV2A-x5090a,Cn1cc(NS(=O)(=O)N2CCC[C@H](C(N)=O)C2)cn1 |a:12|,5.738140147629213
A71EV2A-x5106a,"Cn1ccnc1[C@H](c1ccccc1)N1C[C@H](C(N)=O)CC1=O |&1:6,&2:15|",4.649751981665837
A71EV2A-x5150a,Cn1cc(NS(=O)(=O)N2CCC[C@H](C(N)=O)C2)cn1 |a:12|,5.738140147629213
A71EV2A-x5151a,NC(=O)[C@H]1CCCN(C(=O)Cc2cccc3c2SCC3)C1 |a:3|,3.551812748385584
A71EV2A-x5171a,"CSc1ccccc1CC(=O)N1C[C@H](C(N)=O)C[C@H](C(N)=O)C1 |a:13,18|",5.207231875935455
A71EV2A-x5171b,"CSc1ccccc1CC(=O)N1C[C@H](C(N)=O)C[C@H](C(N)=O)C1 |a:13,18|",5.207231875935455
A71EV2A-x5177a,"CSc1ccccc1CC(=O)N1C[C@H](C(N)=O)C[C@H]2C[C@H]21 |o1:13,18,20|",5.676463453677816
A71EV2A-x5182a,CSc1ccncc1NS(=O)(=O)N1CCC[C@H](C(N)=O)C1 |a:16|,4.881756561812204
A71EV2A-x5200a,"CSc1ccccc1CC(=O)N1C[C@H](C)C[C@@H](C(N)=O)C1 |o1:13,16|",4.494060495927921
A71EV2A-x5203a,CSc1ccc(Br)cc1CC(=O)N1CCC[C@H](C(N)=O)CC1 |&1:16|,4.084730020129478
A71EV2A-x5203b,CSc1ccc(Br)cc1CC(=O)N1CCC[C@H](C(N)=O)CC1 |&1:16|,4.084730020129478
A71EV2A-x5210a,NC(=O)[C@H]1CCC(=O)N([C@H]2CCCc3ccccc32)C1 |o1:3|,4.631937259138866
A71EV2A-x5210b,NC(=O)[C@H]1CCC(=O)N([C@H]2CCCc3ccccc32)C1 |o1:3|,4.631937259138866
A71EV2A-x5212a,N#Cc1ncncc1CC(=O)N1CCC[C@H](C(N)=O)C1 |a:15|,4.424812155072339
A71EV2A-x5213a,NC(=O)[C@H]1CCCN(C(=O)Cc2ccnc(Cl)n2)C1 |a:3|,4.653647025549361
A71EV2A-x5213b,NC(=O)[C@H]1CCCN(C(=O)Cc2ccnc(Cl)n2)C1 |a:3|,4.653647025549361
A71EV2A-x5221a,NC(=O)[C@H]1CCCN(C(=O)Cc2cccc3ncsc23)C1 |a:3|,3.9648133085158968
A71EV2A-x5226a,CNC(=O)c1oc2ccccc2c1CN1C[C@H](C(N)=O)CCC1=O |&1:16|,4.027340564735919
A71EV2A-x5231a,"CS[C@@H]1CCCC[C@H]1OC(=O)N1CCC[C@H](C(N)=O)C1 |o1:2,7|",3.5961527992975952
A71EV2A-x5247a,"CSc1ccc(Br)cc1CC(=O)N1C[C@H](C(N)=O)CC[C@@H]1C |o1:14,20|",5.370420577541523
A71EV2A-x5247b,"CSc1ccc(Br)cc1CC(=O)N1C[C@H](C(N)=O)CC[C@@H]1C |o1:14,20|",5.370420577541523
A71EV2A-x5249a,CSc1cccc2c1N(C(=O)N1CCC[C@H](C(N)=O)C1)CCCO2 |a:15|,3.9795272089559
A71EV2A-x5261a,CSc1ccc2cnccc2c1NC(=O)N1CCC[C@H](C(N)=O)C1 |a:19|,5.772572568212773
A71EV2A-x5262a,CSc1ccccc1CC(=O)N1C[C@H]2C[C@@]1(CC(N)=O)C2 |&1:15|,4.051345937463026
A71EV2A-x5262b,CSc1ccccc1CC(=O)N1C[C@H]2C[C@@]1(CC(N)=O)C2 |&1:15|,4.051345937463026
A71EV2A-x5268a,"CSc1ccccc1CC(=O)N1C[C@H](C)C[C@H](C(N)=O)C1 |o1:13,16|",4.006585256974127
A71EV2A-x5276a,CSc1ccc(C2CC2)cc1CC(=O)N1CCC[C@H](C(N)=O)C1 |a:18|,5.5276774658141035
A71EV2A-x5277a,NC(=O)[C@]12CN(C(=O)Cc3ccccc3Cl)C[C@@H](C1)C2 |&1:3|,4.0045909104114665
A71EV2A-x5278a,COc1ccc(Cl)cc1NS(=O)(=O)N1CCC[C@H](C(N)=O)C1 |a:17|,3.989247537499024
A71EV2A-x5283a,CSc1ccc2scnc2c1NC(=O)N1CCC[C@H](C(N)=O)C1 |a:18|,5.775683273773221
A71EV2A-x5283b,CSc1ccc2scnc2c1NC(=O)N1CCC[C@H](C(N)=O)C1 |a:18|,5.775683273773221
A71EV2A-x5288a,CCCSc1cccc(OC)c1NC(=O)N1CCC[C@H](C(N)=O)C1 |a:19|,3.79526753551538
A71EV2A-x5288b,CCCSc1cccc(OC)c1NC(=O)N1CCC[C@H](C(N)=O)C1 |a:19|,3.79526753551538
A71EV2A-x5289a,COc1cccc(SC(C)C)c1NC(=O)N1CCC[C@H](C(N)=O)C1 |a:19|,5.313218576201494
A71EV2A-x5289b,COc1cccc(SC(C)C)c1NC(=O)N1CCC[C@H](C(N)=O)C1 |a:19|,5.313218576201494
A71EV2A-x5317a,"CNC(=O)[C@@H](c1cccc(C)c1)N1C[C@H](C(N)=O)CC1=O |&1:4,14|",4.5968794788241825
A71EV2A-x5339a,"CSc1ccc(Br)cc1CC(=O)N1C[C@H](C(N)=O)CC[C@H]1C |o1:14,20|",5.163175522827518
A71EV2A-x5339b,"CSc1ccc(Br)cc1CC(=O)N1C[C@H](C(N)=O)CC[C@H]1C |o1:14,20|",5.163175522827518
A71EV2A-x5351a,NC(=O)[C@H]1CCCN(C(=O)OC2CCCCC2)C1 |a:3|,4.042264201974706
A71EV2A-x5359a,C=Cc1ccccc1CS(=O)(=O)N1CCC[C@H](C(N)=O)C1 |a:16|,4.5951662833800615
A71EV2A-x5359b,C=Cc1ccccc1CS(=O)(=O)N1CCC[C@H](C(N)=O)C1 |a:16|,4.5951662833800615
A71EV2A-x5366a,"CSc1ccc(Br)cc1CC(=O)N1C[C@H](C(N)=O)CC[C@H]1C |o1:14,20|",5.163175522827518
A71EV2A-x5366b,"CSc1ccc(Br)cc1CC(=O)N1C[C@H](C(N)=O)CC[C@H]1C |o1:14,20|",5.163175522827518
A71EV2A-x5383a,CSc1ccccc1[C@H](NC(C)=O)C(=O)N1CC[C@H](C(N)=O)C1 |&1:8|,5.186061162833519
A71EV2A-x5387a,"CSc1ccccc1CC(=O)N1C[C@H](O)C[C@@H](C(N)=O)C1 |&1:13,16|",3.66094239119996
A71EV2A-x5387b,"CSc1ccccc1CC(=O)N1C[C@H](O)C[C@@H](C(N)=O)C1 |&1:13,16|",3.66094239119996
A71EV2A-x5389a,COc1cccc2c1N(C(=O)N1CCC[C@H](C(N)=O)C1)CCS2 |a:15|,4.29598340377612
A71EV2A-x5398a,"COC[C@@]1(C)C[C@H](C(N)=O)CN1C(=O)Cc1cc(Br)ccc1SC |&1:3,6|",5.510062512868513
A71EV2A-x5403a,CSc1ccc(SC(C)(C)C)cc1CC(=O)N1CCC[C@H](C(N)=O)C1 |a:20|,5.1112214896446675
A71EV2A-x5409a,NC(=O)CC1CCN(C(=O)c2cccc(F)c2)CC1,4.5977462809495115
A71EV2A-x5409b,NC(=O)CC1CCN(C(=O)c2cccc(F)c2)CC1,4.5977462809495115
A71EV2A-x5424a,Cc1ccc(CC(=O)N2CCC[C@H](C(N)=O)C2)s1 |&1:12|,4.633044431676764
A71EV2A-x5424b,Cc1ccc(CC(=O)N2CCC[C@H](C(N)=O)C2)s1 |&1:12|,4.633044431676764
A71EV2A-x5425a,NC(=O)[C@H]1CCCN(C(=O)Cc2ccsc2)C1 |&1:3|,4.589713631215067
A71EV2A-x5425b,NC(=O)[C@H]1CCCN(C(=O)Cc2ccsc2)C1 |&1:3|,4.589713631215067
A71EV2A-x5427a,NC(=O)[C@H]1CCN(C(=O)Cc2c(Cl)cccc2Cl)C1 |&1:3|,4.7544873321858505
A71EV2A-x5431a,"NC(=O)[C@H]1CCN(C(=O)[C@H]2SCCc3sccc32)C1 |&1:3,&2:9|",4.430090742898188
A71EV2A-x5431b,"NC(=O)[C@H]1CCN(C(=O)[C@H]2SCCc3sccc32)C1 |&1:3,&2:9|",4.430090742898188
A71EV2A-x5448a,N#Cc1nccc(CC(=O)N2CCC[C@H](C(N)=O)C2)n1 |a:14|,4.006352818021342
A71EV2A-x5449a,CSc1ccc(S(C)(=O)=O)cc1CC(=O)N1CCC[C@H](C(N)=O)C1 |a:19|,5.609697925694327
A71EV2A-x5449b,CSc1ccc(S(C)(=O)=O)cc1CC(=O)N1CCC[C@H](C(N)=O)C1 |a:19|,5.609697925694327
A71EV2A-x5466a,C#Cc1ccc(C)c(OC(=O)N2CCC[C@H](C(N)=O)C2)c1 |a:15|,3.8964015060220625
A71EV2A-x5475a,CSc1ccc2c(c1)[C@H](C(=O)N1CCC[C@H](C(N)=O)C1)CCO2 |o1:8|,4.060454118763697
A71EV2A-x5475b,CSc1ccc2c(c1)[C@H](C(=O)N1CCC[C@H](C(N)=O)C1)CCO2 |o1:8|,4.060454118763697
A71EV2A-x5479a,Cc1ccc2cccnc2c1OC(=O)N1CCC[C@H](C(N)=O)C1 |a:18|,4.597502408486665
A71EV2A-x5482a,Cc1cc2sccc2c(Cl)c1OC(=O)N1CCC[C@H](C(N)=O)C1 |a:18|,4.215114698485657
A71EV2A-x5488a,"COC[C@H]1CC[C@H](C(N)=O)CN1C(=O)Cc1ccccc1SC |o1:3,6|",4.011460574435142
A71EV2A-x5494a,"CSc1ccc(Br)cc1CC(=O)N1CCC[C@H](C(N)=O)[C@@H]1C |o1:16,20|",4.01122507362837
A71EV2A-x5497a,CN(C)C(=O)[C@@H](c1ccccc1)N1C[C@H](C(N)=O)CC1=O |o1:14|,4.003097753980533
A71EV2A-x5509a,CSc1ccc(-c2ccncc2)cc1CC(=O)N1CCC[C@H](C(N)=O)C1 |a:21|,5.983523026568097
A71EV2A-x5512a,CSc1ccc(C(=O)Nc2ccncc2)cc1CC(=O)N1CCC[C@H](C(N)=O)C1 |a:24|,6.058292496038209
A71EV2A-x5512b,CSc1ccc(C(=O)Nc2ccncc2)cc1CC(=O)N1CCC[C@H](C(N)=O)C1 |a:24|,6.058292496038209
A71EV2A-x5525a,CSc1ccc(-c2cc[nH]n2)cc1CC(=O)N1CCC[C@H](C(N)=O)C1 |a:20|,5.955905430140241
A71EV2A-x5525b,CSc1ccc(-c2cc[nH]n2)cc1CC(=O)N1CCC[C@H](C(N)=O)C1 |a:20|,5.955905430140241
A71EV2A-x5526a,CSc1ccc(-c2ccccc2)cc1CC(=O)N1CCC[C@H](C(N)=O)C1 |a:21|,5.7575850142068425
A71EV2A-x5533a,CSc1ccc(OC2CC2)cc1NC(=O)N1CCC[C@H](C(N)=O)C1 |a:19|,4.674438823846753
A71EV2A-x5544a,CSc1ncnc(-c2cn[nH]c2)c1CC(=O)N1CCC[C@H](C(N)=O)C1 |a:20|,5.579850424620521
A71EV2A-x5550a,"NC(=O)[C@H]1CCCN(C(=O)[C@H]2CC[C@H]2c2ccc(Cl)cc2)C1 |&1:10,&2:13|",4.000869458712629
A71EV2A-x5556a,"C[C@H](c1ccc(Cl)c(Br)c1)N1C[C@H](C(N)=O)CCC1=O |&1:1,&2:12|",4.041436116778033
A71EV2A-x5559a,N#Cc1ccc(Br)cc1OC(=O)N1CCC[C@H](C(N)=O)C1 |a:16|,4.421371068072836
A71EV2A-x5570a,NC(=O)[C@H]1CCN(C(=O)[C@H]2CSc3ccccc32)C1 |&1:9|,4.1290096443216555
A71EV2A-x5572a,Cc1ccc2ccccc2c1N1C[C@H](C(N)=O)CCC1=O |&1:13|,3.9425768354879955
A71EV2A-x5581a,CSc1ncnc(SC)c1CC(=O)N1CCC[C@H](C(N)=O)C1 |a:17|,5.699017277769941
A71EV2A-x5594a,N#Cc1ccncc1OC(=O)N1CCC[C@H](C(N)=O)C1 |a:15|,4.504331180271011
A71EV2A-x5594b,N#Cc1ccncc1OC(=O)N1CCC[C@H](C(N)=O)C1 |a:15|,4.504331180271011
A71EV2A-x5598a,CSc1ccc(N2CCOCC2)cc1NC(=O)N1CCC[C@H](C(N)=O)C1 |a:21|,4.924868863339022
A71EV2A-x5598b,CSc1ccc(N2CCOCC2)cc1NC(=O)N1CCC[C@H](C(N)=O)C1 |a:21|,4.924868863339022
A71EV2A-x5599a,Cc1ccc2c(c1OC(=O)N1CCC[C@H](C(N)=O)C1)CCC2 |a:14|,4.479326279665005
A71EV2A-x5599b,Cc1ccc2c(c1OC(=O)N1CCC[C@H](C(N)=O)C1)CCC2 |a:14|,4.479326279665005
A71EV2A-x5604a,CSc1ccc(-n2cccn2)cc1CC(=O)N1CCC[C@H](C(N)=O)C1 |a:20|,6.017614181634599
A71EV2A-x5608a,NC(=O)[C@H]1CCC(=O)N(Cc2ccsc2)C1 |&1:3|,3.774068781319247
A71EV2A-x5608b,NC(=O)[C@H]1CCC(=O)N(Cc2ccsc2)C1 |&1:3|,3.774068781319247
A71EV2A-x5635a,NC(=O)[C@H]1CCC(=O)N(Cc2cc(F)cnc2C(F)(F)F)C1 |&1:3|,4.315546325758652
A71EV2A-x5635b,NC(=O)[C@H]1CCC(=O)N(Cc2cc(F)cnc2C(F)(F)F)C1 |&1:3|,4.315546325758652
A71EV2A-x5665a,"NC(=O)[C@H]1CCC(=O)N([C@H](CC(F)(F)F)c2cc(Cl)cc(Cl)c2)C1 |&1:3,&2:9|",4.327996747928408
A71EV2A-x5666a,CSc1ncnc(N2CCc3ccsc3C2)c1CC(=O)N1CCC[C@H](C(N)=O)C1 |a:24|,5.794648268341138
A71EV2A-x5673a,"C[C@H](c1cccc(Cl)c1F)N1C[C@H](C(N)=O)CCC1=O |&1:1,&2:12|",4.632644078973981
A71EV2A-x5676a,"CC[C@H](c1ccc(Cl)c(Cl)c1)N1C[C@H](C(N)=O)CCC1=O |&1:2,&2:13|",4.012372581165862
A71EV2A-x5687a,CSc1cccc2c1[C@H](C(=O)N1CCC[C@H](C(N)=O)C1)CC2 |o1:8|,6.105065909655473
A71EV2A-x5699a,"CC[C@H](c1cc(F)cc(Br)c1)N1C[C@H](C(N)=O)CCC1=O |&1:2,&2:13|",4.7121982700697735
A71EV2A-x5705a,NC(=O)[C@H]1CCN(C(=O)[C@H]2CCCN2C(=O)c2cccs2)C1 |&1:9|,5.012334272309165
A71EV2A-x5705b,NC(=O)[C@H]1CCN(C(=O)[C@H]2CCCN2C(=O)c2cccs2)C1 |&1:9|,5.012334272309165
A71EV2A-x5721a,Cn1ncc2ccc(CN3C[C@H](C(N)=O)CC(C)(C)C3=O)cc21 |&1:11|,4.005682847330363
A71EV2A-x5721b,Cn1ncc2ccc(CN3C[C@H](C(N)=O)CC(C)(C)C3=O)cc21 |&1:11|,4.005682847330363
A71EV2A-x5728a,NC(=O)[C@H]1CCN(C(=O)[C@H]2CCOc3ccc(Cl)cc32)C1 |&1:9|,4.437172628708407
A71EV2A-x5744a,"C[C@H](c1ccc2[nH]ncc2c1)N1C[C@H](C(N)=O)CCC1=O |&1:1,&2:13|",4.180071698767357
A71EV2A-x5747a,"C#C[C@H]1CCCC[C@@H]1OC(=O)N1CCC[C@H](C(N)=O)C1 |o1:2,7|",4.011869615687259
A71EV2A-x5758a,"CSc1ccc(Br)cc1CC(=O)N1[C@H]2CC[C@H](C(N)=O)[C@@H]1CC2 |o1:13,16,20|",4.022734028686543
A71EV2A-x5758b,"CSc1ccc(Br)cc1CC(=O)N1[C@H]2CC[C@H](C(N)=O)[C@@H]1CC2 |o1:13,16,20|",4.022734028686543
A71EV2A-x5766a,"C[C@H]1CC(=O)N(Cc2ccc3cnn(C)c3c2)C[C@H]1C(N)=O |o1:1,18|",4.207870191519494
A71EV2A-x5777a,"C[C@H]1CC(=O)N(Cc2ccc3cnn(C)c3c2)C[C@@H]1C(N)=O |o1:1,18|",4.76433957251824
A71EV2A-x5777b,"C[C@H]1CC(=O)N(Cc2ccc3cnn(C)c3c2)C[C@@H]1C(N)=O |o1:1,18|",4.76433957251824
A71EV2A-x5779a,NC(=O)[C@H]1CCN(C(=O)Cn2cc(Br)cc(Cl)c2=O)C1 |a:3|,4.024899837282849
A71EV2A-x5788a,CSc1cccc(-n2ccnc2)c1CC(=O)N1CCC[C@H](C(N)=O)C1 |a:20|,5.508866053332301
A71EV2A-x5798a,"NC(=O)[C@H]1C[C@H]2C[C@H]2N(C(=O)Cc2ccccc2Cl)C1 |&1:3,5,7|",4.476253533188435
A71EV2A-x5798b,"NC(=O)[C@H]1C[C@H]2C[C@H]2N(C(=O)Cc2ccccc2Cl)C1 |&1:3,5,7|",4.476253533188435
A71EV2A-x5802a,"NC(=O)[C@H]1C[C@@H]2C[C@@H]2N(C(=O)Cc2ccccc2Cl)C1 |&1:3,5,7|",4.5796822958876815
A71EV2A-x5802b,"NC(=O)[C@H]1C[C@@H]2C[C@@H]2N(C(=O)Cc2ccccc2Cl)C1 |&1:3,5,7|",4.5796822958876815
A71EV2A-x5808a,CSc1ncnc(N2CC(c3nncn3C)C2)c1CC(=O)N1CCC[C@H](C(N)=O)C1 |a:25|,6.326170396191348
A71EV2A-x5808b,CSc1ncnc(N2CC(c3nncn3C)C2)c1CC(=O)N1CCC[C@H](C(N)=O)C1 |a:25|,6.326170396191348
A71EV2A-x5819a,"CSc1ccc(Br)cc1OC(=O)N1C[C@H](C(N)=O)CC[C@@H]1C |o1:14,20|",4.757850080326607
A71EV2A-x5819b,"CSc1ccc(Br)cc1OC(=O)N1C[C@H](C(N)=O)CC[C@@H]1C |o1:14,20|",4.757850080326607
A71EV2A-x5824a,NC(=O)[C@H]1CCN(C(=O)Cn2c(=O)sc3ccc(Cl)cc32)C1 |a:3|,4.001740661576301
A71EV2A-x5824b,NC(=O)[C@H]1CCN(C(=O)Cn2c(=O)sc3ccc(Cl)cc32)C1 |a:3|,4.001740661576301
A71EV2A-x5830a,"CSc1ccc(Br)cc1OC(=O)N1C[C@H](C(N)=O)C[C@@H]2C[C@@H]21 |&1:14,19,21|",6.134970625328986
A71EV2A-x5833a,CSc1ccc(-n2ccnc2)cc1CC(=O)N1CCC[C@H](C(N)=O)C1 |a:20|,5.816743356703912
A71EV2A-x5836a,"CSc1ccc(-c2cn[nH]c2)cc1CC(=O)N1C[C@H](C(N)=O)C[C@H]2C[C@H]21 |&1:18,23,25|",6.438312682607372
A71EV2A-x5850a,CSc1cccc2c1[C@H](C(=O)N1CCC[C@H](C(N)=O)C1)CCC2 |o1:8|,4.913179132164633
A71EV2A-x5854a,"CSc1ccc2ncccc2c1NC(=O)N1C[C@H](C(N)=O)C[C@H]2C[C@H]21 |&1:17,22,24|",6.155618588158782
A71EV2A-x5857a,CSc1cccc(-c2ccc(C(F)(F)F)o2)c1CC(=O)N1CCC[C@H](C(N)=O)C1 |a:24|,5.785803993839482
A71EV2A-x5864a,CSc1ccc(-c2csc(C(F)F)c2)cc1CC(=O)N1CCC[C@H](C(N)=O)C1 |a:23|,6.104588372500485
A71EV2A-x5868a,"CC(C)[C@H](c1cc(Cl)cc(Br)c1)N1C[C@H](C(N)=O)CCC1=O |&1:3,&2:14|",4.564352412519983
A71EV2A-x5877a,COc1ncc(-c2ccc(SC)c(CC(=O)N3CCC[C@H](C(N)=O)C3)c2)cc1C#N |a:20|,5.612933991649193
A71EV2A-x5879a,CSc1ccc(-c2cc(C)c(=O)n(C)c2)cc1CC(=O)N1CCC[C@H](C(N)=O)C1 |a:24|,6.031014087429405
A71EV2A-x5879b,CSc1ccc(-c2cc(C)c(=O)n(C)c2)cc1CC(=O)N1CCC[C@H](C(N)=O)C1 |a:24|,6.031014087429405
A71EV2A-x5884a,CSc1cccc(-c2ccc(C(F)(F)F)cc2C#N)c1CC(=O)N1CCC[C@H](C(N)=O)C1 |a:27|,5.656918950334414
A71EV2A-x5891a,CSc1ccc(Br)cc1[C@H](NC(=O)OC(C)(C)C)C(=O)N1CC[C@H](C(N)=O)C1 |&1:9|,4.616253373468555
A71EV2A-x5992a,"CSc1ccccc1CC(=O)N1C[C@H](C(N)=O)CC[C@H]1CO |o1:13,19|",4.599655204790009
A71EV2A-x5992b,"CSc1ccccc1CC(=O)N1C[C@H](C(N)=O)CC[C@H]1CO |o1:13,19|",4.599655204790009
A71EV2A-x5995a,CSc1cccc2c1[C@H](C(=O)N1CCC[C@H](C(N)=O)C1)CCC2 |o1:8|,4.913179132164633
A71EV2A-x5995b,CSc1cccc2c1[C@H](C(=O)N1CCC[C@H](C(N)=O)C1)CCC2 |o1:8|,4.913179132164633
A71EV2A-x6021a,CNc1ncnc(SC)c1CC(=O)N1CCC[C@H](C(N)=O)C1 |a:17|,5.471985787685622
A71EV2A-x6025a,CSc1ccc(-c2cccc3cnn(C)c23)cc1CC(=O)N1CCC[C@H](C(N)=O)C1 |a:25|,4.852511447271943
A71EV2A-x6027a,C=C(C)c1cccc(SC)c1CC(=O)N1CCC[C@H](C(N)=O)C1 |a:18|,5.435913722030655
A71EV2A-x6028a,CSc1cccc(-c2cn(C)c(=O)c3ccccc23)c1CC(=O)N1CCC[C@H](C(N)=O)C1 |a:27|,6.086272291520818
A71EV2A-x6032a,CSc1ccc(-c2cncc(C)c2C)cc1CC(=O)N1CCC[C@H](C(N)=O)C1 |a:23|,5.401951923140469
A71EV2A-x6035a,CSc1ccc(-c2cncc3ccccc23)cc1CC(=O)N1CCC[C@H](C(N)=O)C1 |a:25|,5.484126156288321
A71EV2A-x6714a,NC(=O)[C@H]1CCC(=O)N(c2cc3cnccc3c(F)c2F)C1 |&1:3|,4.801706220928761
A71EV2A-x6726a,CSc1ccccc1[C@H](NC(=O)CC1CC1)C(=O)N1CC[C@H](C(N)=O)C1 |&1:8|,4.287343084176254
A71EV2A-x6730a,"Cc1sc([C@H](C)N2C[C@H](C(N)=O)CCC2=O)nc1-c1ccco1 |&1:4,&2:8|",4.604279969816917
A71EV2A-x6736a,COc1ncccc1-c1ccc(SC)c(CC(=O)N2CCC[C@H](C(N)=O)C2)c1 |a:22|,5.926316446103106
A71EV2A-x6738a,CCC1(CC)CCN(c2ncnc(SC)c2CC(=O)N2CCC[C@H](C(N)=O)C2)C1 |a:23|,6.266038858073333
A71EV2A-x6739a,CSc1ccc(C(=O)N2Cc3nccc(C)c3C2)cc1CC(=O)N1CCC[C@H](C(N)=O)C1 |a:27|,5.732131922180389
A71EV2A-x6746a,"CSc1ccc(-c2ccncc2)cc1NC(=O)N1C[C@H](C(N)=O)C[C@H]2C[C@H]21 |&1:19,24,26|",5.742028204896328
A71EV2A-x6769a,CSc1ccc(-c2cc(C#N)ncc2F)cc1CC(=O)N1CCC[C@H](C(N)=O)C1 |a:24|,5.682717212000788
A71EV2A-x6778a,CSc1ccc(-c2cccnc2C(C)C)cc1CC(=O)N1CCC[C@H](C(N)=O)C1 |a:24|,5.6330261065597185
A71EV2A-x6791a,CSc1ccc(-c2ccnc(N(C)C)c2)cc1CC(=O)N1CCC[C@H](C(N)=O)C1 |a:24|,6.212710086334884
A71EV2A-x6794a,CSc1cccc(-c2sccc2C2CC2)c1CC(=O)N1CCC[C@H](C(N)=O)C1 |a:23|,5.508648103412354
A71EV2A-x6802a,CSc1ncnc(N2CCN(c3ccccn3)CC2)c1CC(=O)N1CCC[C@H](C(N)=O)C1 |a:27|,6.486226948852135
A71EV2A-x6808a,CSc1ncnc(N2Cc3ccccc3C2)c1CC(=O)N1CCC[C@H](C(N)=O)C1 |a:24|,6.006913143117045
A71EV2A-x6816a,CSc1ccccc1[C@H](NC(=O)Cn1cccn1)C(=O)N1CC[C@H](C(N)=O)C1 |&1:8|,4.730497044785864
A71EV2A-x6816b,CSc1ccccc1[C@H](NC(=O)Cn1cccn1)C(=O)N1CC[C@H](C(N)=O)C1 |&1:8|,4.730497044785864
A71EV2A-x6818a,CSc1ccccc1[C@H](NC(=O)CC(F)(F)F)C(=O)N1CC[C@H](C(N)=O)C1 |&1:8|,4.15694990903351
A71EV2A-x6819a,CSc1ccccc1[C@H](NC(=O)Cc1ccccc1)C(=O)N1CC[C@H](C(N)=O)C1 |&1:8|,4.505347154054938
A71EV2A-x6821a,CSc1ccccc1[C@H](NC(=O)CNC(C)=O)C(=O)N1CC[C@H](C(N)=O)C1 |&1:8|,5.199617314652804
A71EV2A-x6827a,CSc1ccc(C2=CCNCC2)cc1CC(=O)N1CCC[C@H](C(N)=O)C1 |a:21|,6.359785941635829
A71EV2A-x6832a,CSc1ncnc(N2CCC[C@H]2C(N)=O)c1CC(=O)N1CCC[C@H](C(N)=O)C1 |&1:11|,7.714442690992226
A71EV2A-x6838a,"CSc1ncnc(N2CCCC2)c1CC(=O)N1C[C@H](C(N)=O)C[C@H]2C[C@H]21 |&1:18,23,25|",6.5697284843589205
A71EV2A-x6844a,CCOC(=O)N[C@H](C(=O)N1CC[C@H](C(N)=O)C1)c1ccccc1SC |o1:6|,4.606251898190906
A71EV2A-x6847a,CSc1ccccc1[C@H](NC(=O)OC(C)(C)C)C(=O)N1CC[C@H](C(N)=O)C1 |o1:8|,4.621638788259481
A71EV2A-x6851a,CSc1ccccc1[C@H](NC(=O)OC(C)(C)C)C(=O)N1CC[C@H](C(N)=O)C1 |o1:8|,4.621638788259481
A71EV2A-x6853a,CCC(=O)N[C@H](C(=O)N1CC[C@H](C(N)=O)C1)c1ccccc1SC |&1:5|,4.556507378095548
A71EV2A-x6856a,CSc1ccccc1[C@H](NC(=O)Cc1cccnc1)C(=O)N1CC[C@H](C(N)=O)C1 |&1:8|,4.6077519100900055
A71EV2A-x6877a,"CSc1ccc2ncccc2c1NC(=O)N1C[C@H](C(N)=O)C[C@@H]2C[C@@H]21 |o1:17,22,24|",5.669481598088156
A71EV2A-x6895a,CSc1ncnc(N2CC(CC3CCC3)C2)c1CC(=O)N1CCC[C@H](C(N)=O)C1 |a:24|,5.692662147010851
A71EV2A-x6914a,CSc1ncnc(N(C)Cc2nn(C)cc2Cl)c1CC(=O)N1CCC[C@H](C(N)=O)C1 |a:25|,7.150528408418002
A71EV2A-x6920a,CSc1ncnc(N2CC(C)C2)c1CC(=O)N1CCC[C@H](C(N)=O)C1 |a:20|,6.526908295764941
A71EV2A-x6925a,CSc1ccc(-c2cnnn2C)cc1CC(=O)N1CCC[C@H](C(N)=O)C1 |a:21|,5.437915347454481
A71EV2A-x6932a,"CSc1ccc(Br)cc1OC(=O)N1C[C@H](C(N)=O)C[C@H]2C[C@H]21 |&1:14,19,21|",6.442779415416162
A71EV2A-x6934a,CSc1ccccc1[C@H](NC(=O)C1CC1)C(=O)N1CC[C@H](C(N)=O)C1 |&1:8|,4.612020519224207
A71EV2A-x6938a,CSc1cccc(C2=CCCCC2)c1CC(=O)N1CCC[C@H](C(N)=O)C1 |a:21|,5.358458624958955
A71EV2A-x6945a,CCn1nccc1C(=O)N[C@H](C(=O)N1CC[C@H](C(N)=O)C1)c1ccccc1SC |&1:10|,4.197688573451602
A71EV2A-x6948a,CSc1ccc(-c2cncc(S(C)(=O)=O)c2)cc1CC(=O)N1CCC[C@H](C(N)=O)C1 |a:25|,5.687762124194347
A71EV2A-x6948b,CSc1ccc(-c2cncc(S(C)(=O)=O)c2)cc1CC(=O)N1CCC[C@H](C(N)=O)C1 |a:25|,5.687762124194347
A71EV2A-x6955a,CSc1cccc(-c2cc(C(F)(F)F)nn2C)c1CC(=O)N1CCC[C@H](C(N)=O)C1 |a:25|,5.150667872559956
A71EV2A-x6955b,CSc1cccc(-c2cc(C(F)(F)F)nn2C)c1CC(=O)N1CCC[C@H](C(N)=O)C1 |a:25|,5.150667872559956
A71EV2A-x6980a,"CSc1ccc2ncccc2c1NC(=O)N1C[C@H](C(N)=O)C[C@@H]2C[C@@H]21 |o1:17,22,24|",5.669481598088156
A71EV2A-x6991a,CSc1ccccc1[C@H](NC(=O)C1(C)CCC1)C(=O)N1CC[C@H](C(N)=O)C1 |&1:8|,4.6108664765966765
A71EV2A-x7021a,"CSc1ccc(C2=CCOCC2)cc1OC(=O)N1C[C@H](C(N)=O)C[C@H]2C[C@H]21 |&1:19,24,26|",6.278226151900541
A71EV2A-x7002a,"CSc1ccc(-c2cnco2)cc1OC(=O)N1C[C@H](C(N)=O)C[C@H]2C[C@H]21 |&1:18,23,25|",6.622961397710664
A71EV2A-x7008a,CSc1ncnc(N2CCC(N(C)S(C)(=O)=O)CC2)c1CC(=O)N1CCC[C@H](C(N)=O)C1 |a:27|,6.512183700381108
A71EV2A-x7011a,"CC[C@H]1CCCN1c1ncnc(SC)c1CC(=O)N1CCC[C@H](C(N)=O)C1 |a:2,22|",7.302627133357621
A71EV2A-x7015a,CSc1ncnc(N2CCc3ccccc3CC2)c1CC(=O)N1CCC[C@H](C(N)=O)C1 |a:26|,6.483018872150272
A71EV2A-x7018a,COC(=O)N1CCCN(c2ncnc(SC)c2CC(=O)N2CCC[C@H](C(N)=O)C2)CC1 |a:24|,5.745487997043694
A71EV2A-x7024a,CSc1ncnc(N2CCC3(CCCC3)C2)c1CC(=O)N1CCC[C@H](C(N)=O)C1 |a:24|,6.462158164196289
A71EV2A-x7025a,"CSc1ncnc(N2CC[C@@H](OC(F)F)C2)c1CC(=O)N1CCC[C@H](C(N)=O)C1 |a:10,24|",6.048106607275539
A71EV2A-x7026a,"CSc1ncnc(N2CC[C@H](C)C2)c1CC(=O)N1CCC[C@H](C(N)=O)C1 |a:10,21|",6.293489458676176
A71EV2A-x7026b,"CSc1ncnc(N2CC[C@H](C)C2)c1CC(=O)N1CCC[C@H](C(N)=O)C1 |a:10,21|",6.293489458676176
A71EV2A-x7031a,"CSc1ncnc(N2CC[C@H](OC(F)F)C2)c1CC(=O)N1CCC[C@H](C(N)=O)C1 |a:10,24|",6.925751444530095
A71EV2A-x7032a,"CSc1ccc(-c2cccnc2)cc1OC(=O)N1C[C@H](C(N)=O)C[C@@H]2C[C@@H]21 |&1:19,24,26|",6.025403843721281
A71EV2A-x7035a,CSc1ccccc1[C@H](NC(=O)C(C)C)C(=O)N1CC[C@H](C(N)=O)C1 |&1:8|,4.616633749466019
A71EV2A-x7038a,CSc1ccccc1[C@H](C(=O)N1CC[C@H](C(N)=O)C1)N1CCCC1=O |o1:8|,7.194299872872455
A71EV2A-x7043a,CSc1ncnc(N2CCn3nc4c(c3C2)CCC4)c1CC(=O)N1CCC[C@H](C(N)=O)C1 |a:27|,5.601864484742403
A71EV2A-x7043b,CSc1ncnc(N2CCn3nc4c(c3C2)CCC4)c1CC(=O)N1CCC[C@H](C(N)=O)C1 |a:27|,5.601864484742403
A71EV2A-x7044a,"CSc1ccc(-c2ccnn2C2CCC2)cc1OC(=O)N1C[C@H](C(N)=O)C[C@H]2C[C@H]21 |&1:22,27,29|",6.6437811411974925
A71EV2A-x7046a,"CSc1ccc(C2=CCN(C)CC2)cc1OC(=O)N1C[C@H](C(N)=O)C[C@@H]2C[C@@H]21 |&1:20,25,27|",6.4554495427646055
A71EV2A-x7056a,CSc1ncnc(N2CCC3(CCC3)C2)c1CC(=O)N1CCC[C@H](C(N)=O)C1 |a:23|,6.131209779277596
A71EV2A-x7070a,"CSc1ccc(-c2cccnc2)cc1OC(=O)N1C[C@H](C(N)=O)C[C@H]2C[C@H]21 |&1:19,24,26|",6.615017621163278
A71EV2A-x7093a,"CSc1ncnc(N2CC[C@H](SC)C2)c1CC(=O)N1CCC[C@H](C(N)=O)C1 |a:10,22|",6.9071041930964325
A71EV2A-x7095a,CSc1ncnc(N2CC(Oc3ccccc3Cl)C2)c1CC(=O)N1CCC[C@H](C(N)=O)C1 |a:27|,6.078663358532402
A71EV2A-x7096a,CSc1ncnc(N2CCC(C(=O)N(C(C)C)C(C)C)CC2)c1CC(=O)N1CCC[C@H](C(N)=O)C1 |a:30|,6.225268032740376
A71EV2A-x7101a,CSc1ncnc(N2CCC3(CCCCC3)C2)c1CC(=O)N1CCC[C@H](C(N)=O)C1 |a:25|,6.388555177157266
A71EV2A-x7127a,"CSc1ncnc(N2CCC[C@@H]2Cn2cccn2)c1CC(=O)N1CCC[C@H](C(N)=O)C1 |a:11,26|",6.189334160880994
A71EV2A-x7130a,CSc1ncnc(N2CCn3ncc(C#N)c3C2)c1CC(=O)N1CCC[C@H](C(N)=O)C1 |a:26|,6.13113891891355
A71EV2A-x7132a,"CSc1ncnc(N2CCC[C@@H]2Cc2ccnn2C)c1CC(=O)N1CCC[C@H](C(N)=O)C1 |a:11,27|",7.359361237098654
A71EV2A-x7135a,"CSc1ncnc(N2CCC[C@@H]2C(C)C)c1CC(=O)N1CCC[C@H](C(N)=O)C1 |a:11,23|",7.7602217671416405
A71EV2A-x7147a,"CSc1ncnc(N2CCC[C@@H]2CC(C)C)c1CC(=O)N1CCC[C@H](C(N)=O)C1 |a:11,24|",7.199879115817523
A71EV2A-x7151a,CSc1ncnc(N2CCc3cnc(C(C)C)nc3C2)c1CC(=O)N1CCC[C@H](C(N)=O)C1 |a:28|,5.912659591908459
A71EV2A-x7154a,CSc1ncnc(N2CCC(N3CCOC3=O)CC2)c1CC(=O)N1CCC[C@H](C(N)=O)C1 |a:27|,5.923489528000301
A71EV2A-x7161a,"COC[C@@H]1CCCN1c1ncnc(SC)c1CC(=O)N1CCC[C@H](C(N)=O)C1 |a:3,23|",5.028984985837811
A71EV2A-x7167a,CSc1ccc(-c2ccnn2C(C)(C)C)cc1OC(=O)N1CCC[C@H](C(N)=O)C1 |a:24|,4.912085112444354
A71EV2A-x7167b,CSc1ccc(-c2ccnn2C(C)(C)C)cc1OC(=O)N1CCC[C@H](C(N)=O)C1 |a:24|,4.912085112444354
A71EV2A-x7169a,CCC1(CC)CN(c2ncnc(SC)c2CC(=O)N2CCC[C@H](C(N)=O)C2)CCS1(=O)=O |a:22|,6.0703717346625785
A71EV2A-x7170a,CSc1ncnc(N2CCC(C#N)(CC(C)C)CC2)c1CC(=O)N1CCC[C@H](C(N)=O)C1 |a:27|,6.265062352283818
A71EV2A-x7172a,CSc1ncnc(N(C)C2CCC2)c1CC(=O)N1CCC[C@H](C(N)=O)C1 |a:21|,6.323397411601913
A71EV2A-x7175a,"COC[C@H]1CCCN1c1ncnc(SC)c1CC(=O)N1CCC[C@H](C(N)=O)C1 |a:3,23|",7.197280846039433
A71EV2A-x7176a,CSc1ncnc(N(C)Cc2cc(F)c(F)c(F)c2)c1CC(=O)N1CCC[C@H](C(N)=O)C1 |a:27|,6.244997927316081
A71EV2A-x7184a,"CSc1ccc(-c2ccncc2)cc1OC(=O)N1C[C@H](C(N)=O)C[C@H]2C[C@H]21 |&1:19,24,26|",6.058389757043434
A71EV2A-x7190a,"CSc1ncnc(N2CC[C@H](C(=O)N3CCC(C)CC3)C2)c1CC(=O)N1CCC[C@H](C(N)=O)C1 |a:10,29|",6.08170819903569
A71EV2A-x7238a,"CO[C@@H]1CCCN(c2ncnc(SC)c2CC(=O)N2CCC[C@H](C(N)=O)C2)C1 |a:2,22|",6.170052776781682
A71EV2A-x7246a,"CSc1ncnc(N2CCC[C@H](C(F)(F)F)C2)c1CC(=O)N1CCC[C@H](C(N)=O)C1 |a:11,25|",6.211100724659235
A71EV2A-x7247a,"CSc1ncnc(N2CCC[C@H]2Cc2ccnn2C)c1CC(=O)N1CCC[C@H](C(N)=O)C1 |a:11,27|",5.214011302839139
A71EV2A-x7250a,"CSc1ncnc(N2CCC[C@H](C)C2)c1CC(=O)N1CCC[C@H](C(N)=O)C1 |a:11,22|",6.173854131618843
A71EV2A-x7251a,CSc1ncnc(N(C)CC(C)(C)O)c1CC(=O)N1CCC[C@H](C(N)=O)C1 |a:22|,6.134728951225614
A71EV2A-x7254a,CSc1ncnc(N(C)CC2CCCC2)c1CC(=O)N1CCC[C@H](C(N)=O)C1 |a:23|,6.3046606911348375
A71EV2A-x7256a,"CSc1ccc(-c2ccncc2)cc1CC(=O)N1C[C@H](C(N)=O)C[C@H]2C[C@H]21 |&1:19,24,26|",6.743785006270056
A71EV2A-x7257a,"CSc1ncnc(N2CCC[C@H]2CC(C)C)c1CC(=O)N1CCC[C@H](C(N)=O)C1 |a:11,24|",5.823789680118151
A71EV2A-x7259a,"CSc1ncnc(N2CCC[C@@H]2C2CC2)c1CC(=O)N1CCC[C@H](C(N)=O)C1 |a:11,23|",7.937951041727581
A71EV2A-x7260a,CSc1ccc(-c2cc(C)nn2C)cc1OC(=O)N1CCC[C@H](C(N)=O)C1 |a:22|,5.436862866226505
A71EV2A-x7261a,CSc1ccc(-c2ccc(N3CCN(C)CC3)nc2)cc1OC(=O)N1CCC[C@H](C(N)=O)C1 |a:28|,6.646304383229654
A71EV2A-x7263a,CSc1ncnc(N2CC(C)(c3ccccc3F)C2)c1CC(=O)N1CCC[C@H](C(N)=O)C1 |a:27|,6.439151337818832
A71EV2A-x7284a,CSc1ncnc(N2CCC3(CCCO3)CC2)c1CC(=O)N1CCC[C@H](C(N)=O)C1 |a:25|,6.466683163263606
A71EV2A-x7287a,"CSc1ccc(-c2ocnc2C)cc1OC(=O)N1C[C@H](C(N)=O)C[C@H]2C[C@H]21 |&1:19,24,26|",5.964275769895213
A71EV2A-x7297a,"CNC(=O)[C@@H]1CCN1c1ncnc(SC)c1CC(=O)N1CCC[C@H](C(N)=O)C1 |a:4,23|",5.553061207453266
A71EV2A-x7301a,CSc1ccc(-c2cccnc2N)cc1OC(=O)N1CCC[C@H](C(N)=O)C1 |a:22|,6.467825319983038
A71EV2A-x7301b,CSc1ccc(-c2cccnc2N)cc1OC(=O)N1CCC[C@H](C(N)=O)C1 |a:22|,6.467825319983038
A71EV2A-x7307a,CSc1ccc(C(=O)N(C)C2CCC(C)(C)CC2)cc1CC(=O)N1CCC[C@H](C(N)=O)C1 |a:27|,4.8542464945359285
A71EV2A-x7309a,"CSc1ncnc(N2CCC[C@@H]2C(=O)N(C)C)c1CC(=O)N1CCC[C@H](C(N)=O)C1 |a:11,25|",6.66771737227654
A71EV2A-x7316a,"CSc1ncnc(N2CC[C@@H](OC3CC3)C2)c1CC(=O)N1CCC[C@H](C(N)=O)C1 |a:10,24|",7.159468716081884
A71EV2A-x7317a,"CSc1ncnc(N2C[C@H]3C[C@H]3C2)c1CC(=O)N1CCC[C@H](C(N)=O)C1 |&1:9,&2:11|",6.558486174447746
A71EV2A-x7317b,"CSc1ncnc(N2C[C@H]3C[C@H]3C2)c1CC(=O)N1CCC[C@H](C(N)=O)C1 |&1:9,&2:11|",6.558486174447746
A71EV2A-x7318a,CSc1ccc(C(=O)N2CC=CCC23CCC3)cc1CC(=O)N1CCC[C@H](C(N)=O)C1 |a:26|,5.727326160448949
A71EV2A-x7321a,"CC[C@@H]1CS[C@H](C(N)=O)CN1C(=O)Oc1cc(Br)ccc1SC |o1:2,5|",4.170150986564742
A71EV2A-x7323a,"CSc1ccc(-c2cn[nH]c2)cc1OC(=O)N1C[C@H](C(N)=O)C[C@H]2C[C@H]21 |&1:18,23,25|",6.7751410435308275
A71EV2A-x7333a,CSc1ncnc(N(C)CC(C)(F)F)c1CC(=O)N1CCC[C@H](C(N)=O)C1 |a:22|,6.994328024624508
A71EV2A-x7334a,CSc1ncnc(N2CC(O)C2)c1CC(=O)N1CCC[C@H](C(N)=O)C1 |a:20|,6.426194047786621
A71EV2A-x7334b,CSc1ncnc(N2CC(O)C2)c1CC(=O)N1CCC[C@H](C(N)=O)C1 |a:20|,6.426194047786621
A71EV2A-x7338a,CSc1ncnc(N(C)CCC(F)(F)F)c1CC(=O)N1CCC[C@H](C(N)=O)C1 |a:23|,5.748786440007784
A71EV2A-x7339a,"CSc1ncnc(N2CC[C@H]2C)c1CC(=O)N1CCC[C@H](C(N)=O)C1 |a:10,20|",6.695497686202032
A71EV2A-x7350a,"CSc1ccc(-c2ccccn2)cc1OC(=O)N1C[C@H](C(N)=O)C[C@H]2C[C@H]21 |&1:19,24,26|",6.770247859071493
A71EV2A-x7350b,"CSc1ccc(-c2ccccn2)cc1OC(=O)N1C[C@H](C(N)=O)C[C@H]2C[C@H]21 |&1:19,24,26|",6.770247859071493
A71EV2A-x7353a,"COC[C@@H]1CCN1c1ncnc(SC)c1CC(=O)N1CCC[C@H](C(N)=O)C1 |a:3,22|",5.357972475219064
A71EV2A-x7353b,"COC[C@@H]1CCN1c1ncnc(SC)c1CC(=O)N1CCC[C@H](C(N)=O)C1 |a:3,22|",5.357972475219064
A71EV2A-x7359a,"CSc1ccc(Br)cc1CC(=O)N1C[C@H](C(N)=O)[C@H]2C[C@H]21 |o1:14,18,20|",4.590066876668706
A71EV2A-x7368a,"CSc1ccc(C2=CCN(C)CC2)cc1OC(=O)N1C[C@H](C(N)=O)C[C@H]2C[C@H]21 |&1:20,25,27|",6.6167895690531875
A71EV2A-x7369a,"CSc1ccc(C2=CCN(C)CC2)cc1CC(=O)N1C[C@H](C(N)=O)C[C@H]2C[C@H]21 |o1:20,25,27|",6.217987758487747
A71EV2A-x7369b,"CSc1ccc(C2=CCN(C)CC2)cc1CC(=O)N1C[C@H](C(N)=O)C[C@H]2C[C@H]21 |o1:20,25,27|",6.217987758487747
A71EV2A-x7372a,"CSc1ncnc(N2C[C@H]3C[C@H]3C2)c1CC(=O)N1CCC[C@H](C(N)=O)C1 |&1:9,&2:11|",6.558486174447746
A71EV2A-x7379a,"CSc1ccc(-c2cn[nH]c2)cc1OC(=O)N1C[C@H](C(N)=O)C[C@@H]2C[C@@H]21 |&1:18,23,25|",5.626220997937759
A71EV2A-x7389a,CSc1ncnc(N2CC(O)C2)c1CC(=O)N1CCC[C@H](C(N)=O)C1 |a:20|,6.426194047786621
A71EV2A-x7410a,"CSc1ccc(-c2cnn[nH]2)cc1OC(=O)N1C[C@H](C(N)=O)C[C@H]2C[C@H]21 |&1:18,23,25|",6.821074156272469
A71EV2A-x7420a,"CSc1ncnc(N2CCCC[C@@H]2C(C)C)c1CC(=O)N1CCC[C@H](C(N)=O)C1 |a:12,24|",6.372178760973441
A71EV2A-x7424a,CSc1ncnc(N(C)C2CCOCC2)c1CC(=O)N1CCC[C@H](C(N)=O)C1 |a:23|,5.7864475040867696
A71EV2A-x7427a,"CSc1ncnc(N2CC[C@H](C(=O)N(C)C)C2)c1CC(=O)N1CCC[C@H](C(N)=O)C1 |a:10,25|",5.974361680056222
A71EV2A-x7430a,"CSc1ncnc(N2CCCC[C@H]2CO)c1CC(=O)N1CCC[C@H](C(N)=O)C1 |a:12,23|",5.867264623808438
A71EV2A-x7432a,CCN(c1ncnc(SC)c1CC(=O)N1CCC[C@H](C(N)=O)C1)C(C)C |a:18|,5.941351132986486
A71EV2A-x7433a,"CSc1ncnc(N2CCC[C@@H]2Cc2ccccc2)c1CC(=O)N1CCC[C@H](C(N)=O)C1 |a:11,27|",5.138183874676179
A71EV2A-x7436a,"CSc1ncnc(N(C)[C@@H](C)c2ccccc2)c1CC(=O)N1CCC[C@H](C(N)=O)C1 |a:9,25|",6.580678113068668
A71EV2A-x7436b,"CSc1ncnc(N(C)[C@@H](C)c2ccccc2)c1CC(=O)N1CCC[C@H](C(N)=O)C1 |a:9,25|",6.580678113068668
A71EV2A-x7442a,CSc1ccc(-c2ccccn2)cc1OC(=O)N1CCC[C@H](C(N)=O)C1 |a:21|,6.363385275343752
A71EV2A-x7445a,"CSc1ccc(-c2ccncc2)cc1CC(=O)N1C[C@H](C(N)=O)C[C@H]2C[C@H]21 |o1:19,24,26|",4.917388969413124
A71EV2A-x7446a,"CCS(=O)(=O)N1CCN(c2ncnc(SC)c2CC(=O)N2CCC[C@H](C(N)=O)C2)[C@H](C)C1 |a:24,29|",5.887521899626527
A71EV2A-x7448a,"CSc1cccc2c1[C@@H](C(=O)N1C[C@H](C(N)=O)C[C@H]3C[C@H]31)CC2 |&1:8,13,18,20|",6.317002294422829
A71EV2A-x7459a,"CSc1ccc2ncccc2c1OC(=O)N1C[C@H](C(N)=O)C[C@@H]2C[C@@H]21 |o1:17,22,24|",6.223231835566202
A71EV2A-x7461a,"CSc1ccc2ncccc2c1OC(=O)N1C[C@H](C(N)=O)C[C@@H]2C[C@@H]21 |o1:17,22,24|",6.223231835566202
A71EV2A-x7465a,"CSc1ccc2ncccc2c1OC(=O)N1C[C@H](C(N)=O)C[C@H]2C[C@H]21 |o1:17,22,24|",6.55419279444554
A71EV2A-x7465b,"CSc1ccc2ncccc2c1OC(=O)N1C[C@H](C(N)=O)C[C@H]2C[C@H]21 |o1:17,22,24|",6.55419279444554
A71EV2A-x7475a,"CSc1ncnc(N2CCC[C@H]2C2CC2)c1CC(=O)N1CCC[C@H](C(N)=O)C1 |a:11,23|",5.262032975642954
A71EV2A-x7475b,"CSc1ncnc(N2CCC[C@H]2C2CC2)c1CC(=O)N1CCC[C@H](C(N)=O)C1 |a:11,23|",5.262032975642954
A71EV2A-x7491a,"CSc1ncnc(N2CCC[C@H]2C(C)C)c1CC(=O)N1CCC[C@H](C(N)=O)C1 |a:11,23|",5.331449457260316
A71EV2A-x7491b,"CSc1ncnc(N2CCC[C@H]2C(C)C)c1CC(=O)N1CCC[C@H](C(N)=O)C1 |a:11,23|",5.331449457260316
A71EV2A-x7501a,"CSc1ncnc(N2CCC[C@H]2C)c1CC(=O)N1CCC[C@H](C(N)=O)C1 |a:11,21|",5.244486511545811
A71EV2A-x7501b,"CSc1ncnc(N2CCC[C@H]2C)c1CC(=O)N1CCC[C@H](C(N)=O)C1 |a:11,21|",5.244486511545811
A71EV2A-x7510a,"CC[C@@H]1CCCN1c1ncnc(SC)c1CC(=O)N1CCC[C@H](C(N)=O)C1 |a:2,22|",5.359471394334077
A71EV2A-x7510b,"CC[C@@H]1CCCN1c1ncnc(SC)c1CC(=O)N1CCC[C@H](C(N)=O)C1 |a:2,22|",5.359471394334077
A71EV2A-x7515a,"CSc1ccc2ncccc2c1OC(=O)N1C[C@H](C(N)=O)C[C@H]2C[C@H]21 |o1:17,22,24|",6.55419279444554
A71EV2A-x7533a,"CSc1ncnc(N2CCC[C@@H]2C)c1CC(=O)N1CCC[C@H](C(N)=O)C1 |a:11,21|",6.616555737163779
A71EV2A-x7533b,"CSc1ncnc(N2CCC[C@@H]2C)c1CC(=O)N1CCC[C@H](C(N)=O)C1 |a:11,21|",6.616555737163779
A71EV2A-x7545a,CSc1ncnc(N(C)C)c1CC(=O)N1CCC[C@H](C(N)=O)C1 |a:18|,6.393012805332465
A71EV2A-x7545b,CSc1ncnc(N(C)C)c1CC(=O)N1CCC[C@H](C(N)=O)C1 |a:18|,6.393012805332465
A71EV2A-x7558a,"CSc1ccc(Br)cc1OC(=O)N1C[C@H](C(N)=O)CC[C@@H]1CO |&1:14,20|",5.994964027913848
A71EV2A-x7560a,CSc1ncnc(N2CCCCCC2)c1CC(=O)N1CCC[C@H](C(N)=O)C1 |a:22|,7.1865084765696
A71EV2A-x7560b,CSc1ncnc(N2CCCCCC2)c1CC(=O)N1CCC[C@H](C(N)=O)C1 |a:22|,7.1865084765696
A71EV2A-x7570a,"CSc1ncnc(N2CCC[C@@H]2c2ccccc2)c1CC(=O)N1CCC[C@H](C(N)=O)C1 |a:11,26|",7.13169634555566
A71EV2A-x7576a,"CSc1ccc(-c2cc[nH]n2)cc1CC(=O)N1C[C@H](C(N)=O)C[C@H]2C[C@H]21 |&1:18,23,25|",6.340503680200894
A71EV2A-x7576b,"CSc1ccc(-c2cc[nH]n2)cc1CC(=O)N1C[C@H](C(N)=O)C[C@H]2C[C@H]21 |&1:18,23,25|",6.340503680200894
A71EV2A-x7580a,"CSc1ncnc(N(C)C)c1CC(=O)N1C[C@H](C(N)=O)C[C@@H]2C[C@@H]21 |&1:16,21,23|",6.073633599517659
A71EV2A-x7580b,"CSc1ncnc(N(C)C)c1CC(=O)N1C[C@H](C(N)=O)C[C@@H]2C[C@@H]21 |&1:16,21,23|",6.073633599517659
A71EV2A-x7589a,"COC(=O)N[C@H]1CCN(c2ncnc(SC)c2CC(=O)N2CCC[C@H](C(N)=O)C2)C1 |a:5,24|",7.2725450748210925
A71EV2A-x7597a,CSc1ccc(-c2cc[nH]n2)cc1OC(=O)N1CCC[C@H](C(N)=O)C1 |a:20|,6.343392058545723
A71EV2A-x7608a,"CSc1ncnc(N(C)CC(F)(F)F)c1CC(=O)N1C[C@H](C(N)=O)C[C@H]2C[C@H]21 |&1:20,25,27|",6.794695728715816
A71EV2A-x7613a,"CC[C@H]1CS[C@H](C(N)=O)CN1C(=O)Oc1cc(Br)ccc1SC |o1:2,5|",7.112683897314732
A71EV2A-x7622a,"CSc1ncnc(N2CCCC2)c1NC(=O)N1C[C@H](C(N)=O)C[C@H]2C[C@H]21 |&1:18,23,25|",5.928304705589599
A71EV2A-x7631a,"CSc1ccccc1CC(=O)N1C[C@H](C(N)=O)C[C@H]2C[C@H]21 |o1:13,18,20|",5.676463453677816
